book_id,page_id,xml_path,score
d2_0001-0100_without_marginalia,1724666584_00000024,C:\Users\userpc\Desktop\ocr-FINAL\OCR-Evaluation\OCR_GUI\data\d2_0001-0100_without_marginalia\1724666584_00000024.xml,0.3278052617583217
d2_0001-0100_without_marginalia,1724666584_00000095,C:\Users\userpc\Desktop\ocr-FINAL\OCR-Evaluation\OCR_GUI\data\d2_0001-0100_without_marginalia\1724666584_00000095.xml,0.026965235153725994
d2_0001-0100_without_marginalia,1724666584_00000133,C:\Users\userpc\Desktop\ocr-FINAL\OCR-Evaluation\OCR_GUI\data\d2_0001-0100_without_marginalia\1724666584_00000133.xml,0.02134203201105702
d2_0001-0100_without_marginalia,1724666584_00000151,C:\Users\userpc\Desktop\ocr-FINAL\OCR-Evaluation\OCR_GUI\data\d2_0001-0100_without_marginalia\1724666584_00000151.xml,0.025080424463716177
d2_0001-0100_without_marginalia,1724666584_00000169,C:\Users\userpc\Desktop\ocr-FINAL\OCR-Evaluation\OCR_GUI\data\d2_0001-0100_without_marginalia\1724666584_00000169.xml,0.016879168945572107
d2_0001-0100_without_marginalia,1734305185_00000029,C:\Users\userpc\Desktop\ocr-FINAL\OCR-Evaluation\OCR_GUI\data\d2_0001-0100_without_marginalia\1734305185_00000029.xml,0.018246470051820018
d2_0001-0100_without_marginalia,1734305185_00000200,C:\Users\userpc\Desktop\ocr-FINAL\OCR-Evaluation\OCR_GUI\data\d2_0001-0100_without_marginalia\1734305185_00000200.xml,0.017542552829233674
d2_0001-0100_without_marginalia,1734305185_00000201,C:\Users\userpc\Desktop\ocr-FINAL\OCR-Evaluation\OCR_GUI\data\d2_0001-0100_without_marginalia\1734305185_00000201.xml,0.3608537965614371
d2_0001-0100_without_marginalia,1734305185_00000235,C:\Users\userpc\Desktop\ocr-FINAL\OCR-Evaluation\OCR_GUI\data\d2_0001-0100_without_marginalia\1734305185_00000235.xml,0.016879168945572107
d2_0001-0100_without_marginalia,1734305185_00000239,C:\Users\userpc\Desktop\ocr-FINAL\OCR-Evaluation\OCR_GUI\data\d2_0001-0100_without_marginalia\1734305185_00000239.xml,0.01658031162515745
d2_0001-0100_without_marginalia,1737359839_00000015,C:\Users\userpc\Desktop\ocr-FINAL\OCR-Evaluation\OCR_GUI\data\d2_0001-0100_without_marginalia\1737359839_00000015.xml,0.03188679490324501
d2_0001-0100_without_marginalia,1737359839_00000142,C:\Users\userpc\Desktop\ocr-FINAL\OCR-Evaluation\OCR_GUI\data\d2_0001-0100_without_marginalia\1737359839_00000142.xml,0.08873158748468764
d2_0001-0100_without_marginalia,1737359839_00000145,C:\Users\userpc\Desktop\ocr-FINAL\OCR-Evaluation\OCR_GUI\data\d2_0001-0100_without_marginalia\1737359839_00000145.xml,0.05449384122897473
d2_0001-0100_without_marginalia,1737359839_00000204,C:\Users\userpc\Desktop\ocr-FINAL\OCR-Evaluation\OCR_GUI\data\d2_0001-0100_without_marginalia\1737359839_00000204.xml,0.018503923994193507
d2_0001-0100_without_marginalia,1737359839_00000247,C:\Users\userpc\Desktop\ocr-FINAL\OCR-Evaluation\OCR_GUI\data\d2_0001-0100_without_marginalia\1737359839_00000247.xml,0.028977497118755666
d2_0001-0100_without_marginalia,173736378X_00000051,C:\Users\userpc\Desktop\ocr-FINAL\OCR-Evaluation\OCR_GUI\data\d2_0001-0100_without_marginalia\173736378X_00000051.xml,0.31616961310893715
d2_0001-0100_without_marginalia,173736378X_00000100,C:\Users\userpc\Desktop\ocr-FINAL\OCR-Evaluation\OCR_GUI\data\d2_0001-0100_without_marginalia\173736378X_00000100.xml,0.022665226242906192
d2_0001-0100_without_marginalia,173736378X_00000112,C:\Users\userpc\Desktop\ocr-FINAL\OCR-Evaluation\OCR_GUI\data\d2_0001-0100_without_marginalia\173736378X_00000112.xml,0.031594105922834986
d2_0001-0100_without_marginalia,173736378X_00000120,C:\Users\userpc\Desktop\ocr-FINAL\OCR-Evaluation\OCR_GUI\data\d2_0001-0100_without_marginalia\173736378X_00000120.xml,0.16786349989478722
d2_0001-0100_without_marginalia,173736378X_00000128,C:\Users\userpc\Desktop\ocr-FINAL\OCR-Evaluation\OCR_GUI\data\d2_0001-0100_without_marginalia\173736378X_00000128.xml,0.46061234019026914
d2_0001-0100_without_marginalia,1737364816_00000001,C:\Users\userpc\Desktop\ocr-FINAL\OCR-Evaluation\OCR_GUI\data\d2_0001-0100_without_marginalia\1737364816_00000001.xml,0.9810458005102741
d2_0001-0100_without_marginalia,1737364816_00000006,C:\Users\userpc\Desktop\ocr-FINAL\OCR-Evaluation\OCR_GUI\data\d2_0001-0100_without_marginalia\1737364816_00000006.xml,0.32767131507904446
d2_0001-0100_without_marginalia,1737364816_00000118,C:\Users\userpc\Desktop\ocr-FINAL\OCR-Evaluation\OCR_GUI\data\d2_0001-0100_without_marginalia\1737364816_00000118.xml,0.016277417847465905
d2_0001-0100_without_marginalia,1737364816_00000162,C:\Users\userpc\Desktop\ocr-FINAL\OCR-Evaluation\OCR_GUI\data\d2_0001-0100_without_marginalia\1737364816_00000162.xml,0.01971176591728534
d2_0001-0100_without_marginalia,1737364816_00000191,C:\Users\userpc\Desktop\ocr-FINAL\OCR-Evaluation\OCR_GUI\data\d2_0001-0100_without_marginalia\1737364816_00000191.xml,0.049257255605792256
d2_0001-0100_without_marginalia,1737366878_00000015,C:\Users\userpc\Desktop\ocr-FINAL\OCR-Evaluation\OCR_GUI\data\d2_0001-0100_without_marginalia\1737366878_00000015.xml,0.022253023246109324
d2_0001-0100_without_marginalia,1737366878_00000023,C:\Users\userpc\Desktop\ocr-FINAL\OCR-Evaluation\OCR_GUI\data\d2_0001-0100_without_marginalia\1737366878_00000023.xml,0.016015103496061094
d2_0001-0100_without_marginalia,1737366878_00000024,C:\Users\userpc\Desktop\ocr-FINAL\OCR-Evaluation\OCR_GUI\data\d2_0001-0100_without_marginalia\1737366878_00000024.xml,0.01726234997978423
d2_0001-0100_without_marginalia,1737366878_00000090,C:\Users\userpc\Desktop\ocr-FINAL\OCR-Evaluation\OCR_GUI\data\d2_0001-0100_without_marginalia\1737366878_00000090.xml,0.017420667867831467
d2_0001-0100_without_marginalia,1737366878_00000105,C:\Users\userpc\Desktop\ocr-FINAL\OCR-Evaluation\OCR_GUI\data\d2_0001-0100_without_marginalia\1737366878_00000105.xml,0.016015103496061094
d2_0001-0100_without_marginalia,1737367351_00000007,C:\Users\userpc\Desktop\ocr-FINAL\OCR-Evaluation\OCR_GUI\data\d2_0001-0100_without_marginalia\1737367351_00000007.xml,0.01860194088792245
d2_0001-0100_without_marginalia,1737367351_00000052,C:\Users\userpc\Desktop\ocr-FINAL\OCR-Evaluation\OCR_GUI\data\d2_0001-0100_without_marginalia\1737367351_00000052.xml,0.016007374758060314
d2_0001-0100_without_marginalia,1737367351_00000059,C:\Users\userpc\Desktop\ocr-FINAL\OCR-Evaluation\OCR_GUI\data\d2_0001-0100_without_marginalia\1737367351_00000059.xml,0.016740572625556425
d2_0001-0100_without_marginalia,1737367351_00000063,C:\Users\userpc\Desktop\ocr-FINAL\OCR-Evaluation\OCR_GUI\data\d2_0001-0100_without_marginalia\1737367351_00000063.xml,0.016478258274151614
d2_0001-0100_without_marginalia,1737367351_00000080,C:\Users\userpc\Desktop\ocr-FINAL\OCR-Evaluation\OCR_GUI\data\d2_0001-0100_without_marginalia\1737367351_00000080.xml,0.016317997273752643
d2_0001-0100_without_marginalia,1737368250_00000005,C:\Users\userpc\Desktop\ocr-FINAL\OCR-Evaluation\OCR_GUI\data\d2_0001-0100_without_marginalia\1737368250_00000005.xml,0.016962558551963988
d2_0001-0100_without_marginalia,1737368250_00000011,C:\Users\userpc\Desktop\ocr-FINAL\OCR-Evaluation\OCR_GUI\data\d2_0001-0100_without_marginalia\1737368250_00000011.xml,0.016317997273752643
d2_0001-0100_without_marginalia,1737368250_00000024,C:\Users\userpc\Desktop\ocr-FINAL\OCR-Evaluation\OCR_GUI\data\d2_0001-0100_without_marginalia\1737368250_00000024.xml,0.016277417847465905
d2_0001-0100_without_marginalia,1737368250_00000047,C:\Users\userpc\Desktop\ocr-FINAL\OCR-Evaluation\OCR_GUI\data\d2_0001-0100_without_marginalia\1737368250_00000047.xml,0.016879168945572107
d2_0001-0100_without_marginalia,1737368250_00000058,C:\Users\userpc\Desktop\ocr-FINAL\OCR-Evaluation\OCR_GUI\data\d2_0001-0100_without_marginalia\1737368250_00000058.xml,0.5970958492652442
d2_0001-0100_without_marginalia,1737368595_00000036,C:\Users\userpc\Desktop\ocr-FINAL\OCR-Evaluation\OCR_GUI\data\d2_0001-0100_without_marginalia\1737368595_00000036.xml,0.016015103496061094
d2_0001-0100_without_marginalia,1737368595_00000092,C:\Users\userpc\Desktop\ocr-FINAL\OCR-Evaluation\OCR_GUI\data\d2_0001-0100_without_marginalia\1737368595_00000092.xml,0.016576275167880558
d2_0001-0100_without_marginalia,1737368595_00000118,C:\Users\userpc\Desktop\ocr-FINAL\OCR-Evaluation\OCR_GUI\data\d2_0001-0100_without_marginalia\1737368595_00000118.xml,0.016478258274151614
d2_0001-0100_without_marginalia,1737368595_00000145,C:\Users\userpc\Desktop\ocr-FINAL\OCR-Evaluation\OCR_GUI\data\d2_0001-0100_without_marginalia\1737368595_00000145.xml,0.016462891771100316
d2_0001-0100_without_marginalia,1737374684_00000120,C:\Users\userpc\Desktop\ocr-FINAL\OCR-Evaluation\OCR_GUI\data\d2_0001-0100_without_marginalia\1737374684_00000120.xml,0.016277417847465905
d2_0001-0100_without_marginalia,1737374684_00000135,C:\Users\userpc\Desktop\ocr-FINAL\OCR-Evaluation\OCR_GUI\data\d2_0001-0100_without_marginalia\1737374684_00000135.xml,0.016576275167880558
d2_0001-0100_without_marginalia,1737374684_00000155,C:\Users\userpc\Desktop\ocr-FINAL\OCR-Evaluation\OCR_GUI\data\d2_0001-0100_without_marginalia\1737374684_00000155.xml,0.022381698412228986
d2_0001-0100_without_marginalia,1737374684_00000207,C:\Users\userpc\Desktop\ocr-FINAL\OCR-Evaluation\OCR_GUI\data\d2_0001-0100_without_marginalia\1737374684_00000207.xml,0.016277417847465905
d2_0001-0100_without_marginalia,1737374684_00000224,C:\Users\userpc\Desktop\ocr-FINAL\OCR-Evaluation\OCR_GUI\data\d2_0001-0100_without_marginalia\1737374684_00000224.xml,0.02027635035561356
d2_0001-0100_without_marginalia,1737375370_00000024,C:\Users\userpc\Desktop\ocr-FINAL\OCR-Evaluation\OCR_GUI\data\d2_0001-0100_without_marginalia\1737375370_00000024.xml,0.016705568981064157
d2_0001-0100_without_marginalia,1737375370_00000038,C:\Users\userpc\Desktop\ocr-FINAL\OCR-Evaluation\OCR_GUI\data\d2_0001-0100_without_marginalia\1737375370_00000038.xml,0.020436422243233464
d2_0001-0100_without_marginalia,1737375370_00000076,C:\Users\userpc\Desktop\ocr-FINAL\OCR-Evaluation\OCR_GUI\data\d2_0001-0100_without_marginalia\1737375370_00000076.xml,0.038123037819721116
d2_0001-0100_without_marginalia,1737375370_00000091,C:\Users\userpc\Desktop\ocr-FINAL\OCR-Evaluation\OCR_GUI\data\d2_0001-0100_without_marginalia\1737375370_00000091.xml,0.016015103496061094
d2_0001-0100_without_marginalia,1737375370_00000187,C:\Users\userpc\Desktop\ocr-FINAL\OCR-Evaluation\OCR_GUI\data\d2_0001-0100_without_marginalia\1737375370_00000187.xml,0.016015103496061094
d2_0001-0100_without_marginalia,1737377780_00000004,C:\Users\userpc\Desktop\ocr-FINAL\OCR-Evaluation\OCR_GUI\data\d2_0001-0100_without_marginalia\1737377780_00000004.xml,0.9301338690875156
d2_0001-0100_without_marginalia,1737377780_00000031,C:\Users\userpc\Desktop\ocr-FINAL\OCR-Evaluation\OCR_GUI\data\d2_0001-0100_without_marginalia\1737377780_00000031.xml,0.01711440169563542
d2_0001-0100_without_marginalia,1737377780_00000077,C:\Users\userpc\Desktop\ocr-FINAL\OCR-Evaluation\OCR_GUI\data\d2_0001-0100_without_marginalia\1737377780_00000077.xml,0.021264384837803192
d2_0001-0100_without_marginalia,1737377780_00000089,C:\Users\userpc\Desktop\ocr-FINAL\OCR-Evaluation\OCR_GUI\data\d2_0001-0100_without_marginalia\1737377780_00000089.xml,0.016277417847465905
d2_0001-0100_without_marginalia,1737377780_00000110,C:\Users\userpc\Desktop\ocr-FINAL\OCR-Evaluation\OCR_GUI\data\d2_0001-0100_without_marginalia\1737377780_00000110.xml,0.016015103496061094
d2_0001-0100_without_marginalia,1737378558_00000003,C:\Users\userpc\Desktop\ocr-FINAL\OCR-Evaluation\OCR_GUI\data\d2_0001-0100_without_marginalia\1737378558_00000003.xml,0.3724871840631696
d2_0001-0100_without_marginalia,1737378558_00000024,C:\Users\userpc\Desktop\ocr-FINAL\OCR-Evaluation\OCR_GUI\data\d2_0001-0100_without_marginalia\1737378558_00000024.xml,0.3006885635312704
d2_0001-0100_without_marginalia,1737378558_00000027,C:\Users\userpc\Desktop\ocr-FINAL\OCR-Evaluation\OCR_GUI\data\d2_0001-0100_without_marginalia\1737378558_00000027.xml,0.027323190905006393
d2_0001-0100_without_marginalia,1737378558_00000050,C:\Users\userpc\Desktop\ocr-FINAL\OCR-Evaluation\OCR_GUI\data\d2_0001-0100_without_marginalia\1737378558_00000050.xml,0.016015103496061094
d2_0001-0100_without_marginalia,1737378558_00000075,C:\Users\userpc\Desktop\ocr-FINAL\OCR-Evaluation\OCR_GUI\data\d2_0001-0100_without_marginalia\1737378558_00000075.xml,0.01737190709600834
d2_0001-0100_without_marginalia,1737379171_00000029,C:\Users\userpc\Desktop\ocr-FINAL\OCR-Evaluation\OCR_GUI\data\d2_0001-0100_without_marginalia\1737379171_00000029.xml,0.019708600520320575
d2_0001-0100_without_marginalia,1737379171_00000031,C:\Users\userpc\Desktop\ocr-FINAL\OCR-Evaluation\OCR_GUI\data\d2_0001-0100_without_marginalia\1737379171_00000031.xml,0.054631886599783824
d2_0001-0100_without_marginalia,1737379171_00000082,C:\Users\userpc\Desktop\ocr-FINAL\OCR-Evaluation\OCR_GUI\data\d2_0001-0100_without_marginalia\1737379171_00000082.xml,0.024043531156696524
d2_0001-0100_without_marginalia,1737379171_00000093,C:\Users\userpc\Desktop\ocr-FINAL\OCR-Evaluation\OCR_GUI\data\d2_0001-0100_without_marginalia\1737379171_00000093.xml,0.018636471820107872
d2_0001-0100_without_marginalia,1737379171_00000132,C:\Users\userpc\Desktop\ocr-FINAL\OCR-Evaluation\OCR_GUI\data\d2_0001-0100_without_marginalia\1737379171_00000132.xml,0.9978392005961727
d2_0001-0100_without_marginalia,1737379627_00000003,C:\Users\userpc\Desktop\ocr-FINAL\OCR-Evaluation\OCR_GUI\data\d2_0001-0100_without_marginalia\1737379627_00000003.xml,0.996261224152296
d2_0001-0100_without_marginalia,1737379627_00000013,C:\Users\userpc\Desktop\ocr-FINAL\OCR-Evaluation\OCR_GUI\data\d2_0001-0100_without_marginalia\1737379627_00000013.xml,0.017109945852093297
d2_0001-0100_without_marginalia,1737379627_00000083,C:\Users\userpc\Desktop\ocr-FINAL\OCR-Evaluation\OCR_GUI\data\d2_0001-0100_without_marginalia\1737379627_00000083.xml,0.017581112213327015
d2_0001-0100_without_marginalia,1737379627_00000098,C:\Users\userpc\Desktop\ocr-FINAL\OCR-Evaluation\OCR_GUI\data\d2_0001-0100_without_marginalia\1737379627_00000098.xml,0.03475988131529388
d2_0001-0100_without_marginalia,1737379627_00000113,C:\Users\userpc\Desktop\ocr-FINAL\OCR-Evaluation\OCR_GUI\data\d2_0001-0100_without_marginalia\1737379627_00000113.xml,0.031300076131595
d2_0001-0100_without_marginalia,1737380234_00000006,C:\Users\userpc\Desktop\ocr-FINAL\OCR-Evaluation\OCR_GUI\data\d2_0001-0100_without_marginalia\1737380234_00000006.xml,0.23057381290158066
d2_0001-0100_without_marginalia,1737380234_00000027,C:\Users\userpc\Desktop\ocr-FINAL\OCR-Evaluation\OCR_GUI\data\d2_0001-0100_without_marginalia\1737380234_00000027.xml,0.05361578504465565
d2_0001-0100_without_marginalia,1737380234_00000138,C:\Users\userpc\Desktop\ocr-FINAL\OCR-Evaluation\OCR_GUI\data\d2_0001-0100_without_marginalia\1737380234_00000138.xml,0.042453556776682035
d2_0001-0100_without_marginalia,1737380234_00000178,C:\Users\userpc\Desktop\ocr-FINAL\OCR-Evaluation\OCR_GUI\data\d2_0001-0100_without_marginalia\1737380234_00000178.xml,0.05804272887342011
d2_0001-0100_without_marginalia,1737380234_00000188,C:\Users\userpc\Desktop\ocr-FINAL\OCR-Evaluation\OCR_GUI\data\d2_0001-0100_without_marginalia\1737380234_00000188.xml,0.053195250638105956
d2_0001-0100_without_marginalia,1737381346_00000072,C:\Users\userpc\Desktop\ocr-FINAL\OCR-Evaluation\OCR_GUI\data\d2_0001-0100_without_marginalia\1737381346_00000072.xml,0.05524732725048142
d2_0001-0100_without_marginalia,1737381346_00000170,C:\Users\userpc\Desktop\ocr-FINAL\OCR-Evaluation\OCR_GUI\data\d2_0001-0100_without_marginalia\1737381346_00000170.xml,0.051268465290197636
d2_0001-0100_without_marginalia,1737381346_00000240,C:\Users\userpc\Desktop\ocr-FINAL\OCR-Evaluation\OCR_GUI\data\d2_0001-0100_without_marginalia\1737381346_00000240.xml,0.04181337380171261
d2_0001-0100_without_marginalia,1737381346_00000249,C:\Users\userpc\Desktop\ocr-FINAL\OCR-Evaluation\OCR_GUI\data\d2_0001-0100_without_marginalia\1737381346_00000249.xml,0.0456851252296523
d2_0001-0100_without_marginalia,1737381346_00000277,C:\Users\userpc\Desktop\ocr-FINAL\OCR-Evaluation\OCR_GUI\data\d2_0001-0100_without_marginalia\1737381346_00000277.xml,0.8698001893914373
d2_0001-0100_without_marginalia,1737382164_00000036,C:\Users\userpc\Desktop\ocr-FINAL\OCR-Evaluation\OCR_GUI\data\d2_0001-0100_without_marginalia\1737382164_00000036.xml,0.03223355583723936
d2_0001-0100_without_marginalia,1737382164_00000043,C:\Users\userpc\Desktop\ocr-FINAL\OCR-Evaluation\OCR_GUI\data\d2_0001-0100_without_marginalia\1737382164_00000043.xml,0.01684763150068849
d2_0001-0100_without_marginalia,1737382164_00000100,C:\Users\userpc\Desktop\ocr-FINAL\OCR-Evaluation\OCR_GUI\data\d2_0001-0100_without_marginalia\1737382164_00000100.xml,0.016277417847465905
d2_0001-0100_without_marginalia,1737382164_00000161,C:\Users\userpc\Desktop\ocr-FINAL\OCR-Evaluation\OCR_GUI\data\d2_0001-0100_without_marginalia\1737382164_00000161.xml,0.020658055204167764
d2_0001-0100_without_marginalia,1737382164_00000185,C:\Users\userpc\Desktop\ocr-FINAL\OCR-Evaluation\OCR_GUI\data\d2_0001-0100_without_marginalia\1737382164_00000185.xml,0.017368648418493834
d2_0001-0100_without_marginalia,1737382792_00000020,C:\Users\userpc\Desktop\ocr-FINAL\OCR-Evaluation\OCR_GUI\data\d2_0001-0100_without_marginalia\1737382792_00000020.xml,0.016015103496061094
d2_0001-0100_without_marginalia,1737382792_00000036,C:\Users\userpc\Desktop\ocr-FINAL\OCR-Evaluation\OCR_GUI\data\d2_0001-0100_without_marginalia\1737382792_00000036.xml,0.016015103496061094
d2_0001-0100_without_marginalia,1737382792_00000052,C:\Users\userpc\Desktop\ocr-FINAL\OCR-Evaluation\OCR_GUI\data\d2_0001-0100_without_marginalia\1737382792_00000052.xml,0.016317997273752643
d2_0001-0100_without_marginalia,1737382792_00000071,C:\Users\userpc\Desktop\ocr-FINAL\OCR-Evaluation\OCR_GUI\data\d2_0001-0100_without_marginalia\1737382792_00000071.xml,0.017344393374535628
d2_0001-0100_without_marginalia,1737382792_00000088,C:\Users\userpc\Desktop\ocr-FINAL\OCR-Evaluation\OCR_GUI\data\d2_0001-0100_without_marginalia\1737382792_00000088.xml,0.016313960816475747
d2_0001-0100_without_marginalia,1737386917_00000003,C:\Users\userpc\Desktop\ocr-FINAL\OCR-Evaluation\OCR_GUI\data\d2_0001-0100_without_marginalia\1737386917_00000003.xml,0.9978392005961727
d2_0001-0100_without_marginalia,1737386917_00000049,C:\Users\userpc\Desktop\ocr-FINAL\OCR-Evaluation\OCR_GUI\data\d2_0001-0100_without_marginalia\1737386917_00000049.xml,0.016015103496061094
d2_0001-0100_without_marginalia,1737386917_00000090,C:\Users\userpc\Desktop\ocr-FINAL\OCR-Evaluation\OCR_GUI\data\d2_0001-0100_without_marginalia\1737386917_00000090.xml,0.016015103496061094
d2_0001-0100_without_marginalia,1737386917_00000324,C:\Users\userpc\Desktop\ocr-FINAL\OCR-Evaluation\OCR_GUI\data\d2_0001-0100_without_marginalia\1737386917_00000324.xml,0.016015103496061094
d2_0001-0100_without_marginalia,1737386917_00000328,C:\Users\userpc\Desktop\ocr-FINAL\OCR-Evaluation\OCR_GUI\data\d2_0001-0100_without_marginalia\1737386917_00000328.xml,0.7109829356695265
d2_0001-0100_without_marginalia,1737387409_00000008,C:\Users\userpc\Desktop\ocr-FINAL\OCR-Evaluation\OCR_GUI\data\d2_0001-0100_without_marginalia\1737387409_00000008.xml,0.0327716901744724
d2_0001-0100_without_marginalia,1737387409_00000011,C:\Users\userpc\Desktop\ocr-FINAL\OCR-Evaluation\OCR_GUI\data\d2_0001-0100_without_marginalia\1737387409_00000011.xml,0.030112127052615414
d2_0001-0100_without_marginalia,1737387409_00000020,C:\Users\userpc\Desktop\ocr-FINAL\OCR-Evaluation\OCR_GUI\data\d2_0001-0100_without_marginalia\1737387409_00000020.xml,0.03010745782076298
d2_0001-0100_without_marginalia,1737387409_00000021,C:\Users\userpc\Desktop\ocr-FINAL\OCR-Evaluation\OCR_GUI\data\d2_0001-0100_without_marginalia\1737387409_00000021.xml,0.01970758950078174
d2_0001-0100_without_marginalia,1737387409_00000038,C:\Users\userpc\Desktop\ocr-FINAL\OCR-Evaluation\OCR_GUI\data\d2_0001-0100_without_marginalia\1737387409_00000038.xml,0.017105909394816408
d2_0001-0100_without_marginalia,173738812X_00000025,C:\Users\userpc\Desktop\ocr-FINAL\OCR-Evaluation\OCR_GUI\data\d2_0001-0100_without_marginalia\173738812X_00000025.xml,0.04975232083707109
d2_0001-0100_without_marginalia,173738812X_00000096,C:\Users\userpc\Desktop\ocr-FINAL\OCR-Evaluation\OCR_GUI\data\d2_0001-0100_without_marginalia\173738812X_00000096.xml,0.01792899687387521
d2_0001-0100_without_marginalia,173738812X_00000109,C:\Users\userpc\Desktop\ocr-FINAL\OCR-Evaluation\OCR_GUI\data\d2_0001-0100_without_marginalia\173738812X_00000109.xml,0.8472896051407437
d2_0001-0100_without_marginalia,173738812X_00000153,C:\Users\userpc\Desktop\ocr-FINAL\OCR-Evaluation\OCR_GUI\data\d2_0001-0100_without_marginalia\173738812X_00000153.xml,0.016806698966911983
d2_0001-0100_without_marginalia,173738812X_00000157,C:\Users\userpc\Desktop\ocr-FINAL\OCR-Evaluation\OCR_GUI\data\d2_0001-0100_without_marginalia\173738812X_00000157.xml,0.02141960037597913
d2_0001-0100_without_marginalia,1737388588_00000046,C:\Users\userpc\Desktop\ocr-FINAL\OCR-Evaluation\OCR_GUI\data\d2_0001-0100_without_marginalia\1737388588_00000046.xml,0.04459306323084269
d2_0001-0100_without_marginalia,1737388588_00000047,C:\Users\userpc\Desktop\ocr-FINAL\OCR-Evaluation\OCR_GUI\data\d2_0001-0100_without_marginalia\1737388588_00000047.xml,0.03734268176645339
d2_0001-0100_without_marginalia,1737388588_00000099,C:\Users\userpc\Desktop\ocr-FINAL\OCR-Evaluation\OCR_GUI\data\d2_0001-0100_without_marginalia\1737388588_00000099.xml,0.016015103496061094
d2_0001-0100_without_marginalia,1737388588_00000102,C:\Users\userpc\Desktop\ocr-FINAL\OCR-Evaluation\OCR_GUI\data\d2_0001-0100_without_marginalia\1737388588_00000102.xml,0.016277417847465905
d2_0001-0100_without_marginalia,1737388588_00000111,C:\Users\userpc\Desktop\ocr-FINAL\OCR-Evaluation\OCR_GUI\data\d2_0001-0100_without_marginalia\1737388588_00000111.xml,0.018094201053894306
d2_0001-0100_without_marginalia,1737389673_00000008,C:\Users\userpc\Desktop\ocr-FINAL\OCR-Evaluation\OCR_GUI\data\d2_0001-0100_without_marginalia\1737389673_00000008.xml,0.016277417847465905
d2_0001-0100_without_marginalia,1737389673_00000039,C:\Users\userpc\Desktop\ocr-FINAL\OCR-Evaluation\OCR_GUI\data\d2_0001-0100_without_marginalia\1737389673_00000039.xml,0.016015103496061094
d2_0001-0100_without_marginalia,1737389673_00000044,C:\Users\userpc\Desktop\ocr-FINAL\OCR-Evaluation\OCR_GUI\data\d2_0001-0100_without_marginalia\1737389673_00000044.xml,0.016015103496061094
d2_0001-0100_without_marginalia,1737389673_00000067,C:\Users\userpc\Desktop\ocr-FINAL\OCR-Evaluation\OCR_GUI\data\d2_0001-0100_without_marginalia\1737389673_00000067.xml,0.016015103496061094
d2_0001-0100_without_marginalia,1737389673_00000080,C:\Users\userpc\Desktop\ocr-FINAL\OCR-Evaluation\OCR_GUI\data\d2_0001-0100_without_marginalia\1737389673_00000080.xml,0.9945168921313544
d2_0001-0100_without_marginalia,1737390663_00000020,C:\Users\userpc\Desktop\ocr-FINAL\OCR-Evaluation\OCR_GUI\data\d2_0001-0100_without_marginalia\1737390663_00000020.xml,0.01654473772299694
d2_0001-0100_without_marginalia,1737390663_00000028,C:\Users\userpc\Desktop\ocr-FINAL\OCR-Evaluation\OCR_GUI\data\d2_0001-0100_without_marginalia\1737390663_00000028.xml,0.01654473772299694
d2_0001-0100_without_marginalia,1737390663_00000042,C:\Users\userpc\Desktop\ocr-FINAL\OCR-Evaluation\OCR_GUI\data\d2_0001-0100_without_marginalia\1737390663_00000042.xml,0.01775450713030464
d2_0001-0100_without_marginalia,1737390663_00000047,C:\Users\userpc\Desktop\ocr-FINAL\OCR-Evaluation\OCR_GUI\data\d2_0001-0100_without_marginalia\1737390663_00000047.xml,0.01654473772299694
d2_0001-0100_without_marginalia,1737390663_00000050,C:\Users\userpc\Desktop\ocr-FINAL\OCR-Evaluation\OCR_GUI\data\d2_0001-0100_without_marginalia\1737390663_00000050.xml,0.01680705207440175
d2_0001-0100_without_marginalia,1737391139_00000010,C:\Users\userpc\Desktop\ocr-FINAL\OCR-Evaluation\OCR_GUI\data\d2_0001-0100_without_marginalia\1737391139_00000010.xml,0.020046034926303292
d2_0001-0100_without_marginalia,1737391139_00000024,C:\Users\userpc\Desktop\ocr-FINAL\OCR-Evaluation\OCR_GUI\data\d2_0001-0100_without_marginalia\1737391139_00000024.xml,0.01924861113919482
d2_0001-0100_without_marginalia,1737391139_00000042,C:\Users\userpc\Desktop\ocr-FINAL\OCR-Evaluation\OCR_GUI\data\d2_0001-0100_without_marginalia\1737391139_00000042.xml,0.016277417847465905
d2_0001-0100_without_marginalia,1737391139_00000052,C:\Users\userpc\Desktop\ocr-FINAL\OCR-Evaluation\OCR_GUI\data\d2_0001-0100_without_marginalia\1737391139_00000052.xml,0.016015103496061094
d2_0001-0100_without_marginalia,1737391139_00000058,C:\Users\userpc\Desktop\ocr-FINAL\OCR-Evaluation\OCR_GUI\data\d2_0001-0100_without_marginalia\1737391139_00000058.xml,0.020423970122310037
d2_0001-0100_without_marginalia,1737391953_00000003,C:\Users\userpc\Desktop\ocr-FINAL\OCR-Evaluation\OCR_GUI\data\d2_0001-0100_without_marginalia\1737391953_00000003.xml,0.26028069788846264
d2_0001-0100_without_marginalia,1737391953_00000007,C:\Users\userpc\Desktop\ocr-FINAL\OCR-Evaluation\OCR_GUI\data\d2_0001-0100_without_marginalia\1737391953_00000007.xml,0.0168435950434116
d2_0001-0100_without_marginalia,1737391953_00000024,C:\Users\userpc\Desktop\ocr-FINAL\OCR-Evaluation\OCR_GUI\data\d2_0001-0100_without_marginalia\1737391953_00000024.xml,0.017105909394816408
d2_0001-0100_without_marginalia,1737391953_00000028,C:\Users\userpc\Desktop\ocr-FINAL\OCR-Evaluation\OCR_GUI\data\d2_0001-0100_without_marginalia\1737391953_00000028.xml,0.01654473772299694
d2_0001-0100_without_marginalia,1737391953_00000035,C:\Users\userpc\Desktop\ocr-FINAL\OCR-Evaluation\OCR_GUI\data\d2_0001-0100_without_marginalia\1737391953_00000035.xml,0.8658655671026788
d2_0001-0100_without_marginalia,173739250X_00000062,C:\Users\userpc\Desktop\ocr-FINAL\OCR-Evaluation\OCR_GUI\data\d2_0001-0100_without_marginalia\173739250X_00000062.xml,0.017270777110160514
d2_0001-0100_without_marginalia,173739250X_00000128,C:\Users\userpc\Desktop\ocr-FINAL\OCR-Evaluation\OCR_GUI\data\d2_0001-0100_without_marginalia\173739250X_00000128.xml,0.02042312812038979
d2_0001-0100_without_marginalia,173739250X_00000133,C:\Users\userpc\Desktop\ocr-FINAL\OCR-Evaluation\OCR_GUI\data\d2_0001-0100_without_marginalia\173739250X_00000133.xml,0.04152878404079777
d2_0001-0100_without_marginalia,173739250X_00000253,C:\Users\userpc\Desktop\ocr-FINAL\OCR-Evaluation\OCR_GUI\data\d2_0001-0100_without_marginalia\173739250X_00000253.xml,0.03266129209787128
d2_0001-0100_without_marginalia,173739250X_00000265,C:\Users\userpc\Desktop\ocr-FINAL\OCR-Evaluation\OCR_GUI\data\d2_0001-0100_without_marginalia\173739250X_00000265.xml,0.034517325551591725
d2_0001-0100_without_marginalia,1737393271_00000030,C:\Users\userpc\Desktop\ocr-FINAL\OCR-Evaluation\OCR_GUI\data\d2_0001-0100_without_marginalia\1737393271_00000030.xml,0.07530212099465987
d2_0001-0100_without_marginalia,1737393271_00000117,C:\Users\userpc\Desktop\ocr-FINAL\OCR-Evaluation\OCR_GUI\data\d2_0001-0100_without_marginalia\1737393271_00000117.xml,0.017071861784736936
d2_0001-0100_without_marginalia,1737393271_00000130,C:\Users\userpc\Desktop\ocr-FINAL\OCR-Evaluation\OCR_GUI\data\d2_0001-0100_without_marginalia\1737393271_00000130.xml,0.01924861113919482
d2_0001-0100_without_marginalia,1737393271_00000138,C:\Users\userpc\Desktop\ocr-FINAL\OCR-Evaluation\OCR_GUI\data\d2_0001-0100_without_marginalia\1737393271_00000138.xml,0.017109592744603528
d2_0001-0100_without_marginalia,1737393271_00000152,C:\Users\userpc\Desktop\ocr-FINAL\OCR-Evaluation\OCR_GUI\data\d2_0001-0100_without_marginalia\1737393271_00000152.xml,0.02897655170052406
d2_0001-0100_without_marginalia,1737393700_00000004,C:\Users\userpc\Desktop\ocr-FINAL\OCR-Evaluation\OCR_GUI\data\d2_0001-0100_without_marginalia\1737393700_00000004.xml,0.9978392005961727
d2_0001-0100_without_marginalia,1737393700_00000029,C:\Users\userpc\Desktop\ocr-FINAL\OCR-Evaluation\OCR_GUI\data\d2_0001-0100_without_marginalia\1737393700_00000029.xml,0.024353490532128683
d2_0001-0100_without_marginalia,1737393700_00000045,C:\Users\userpc\Desktop\ocr-FINAL\OCR-Evaluation\OCR_GUI\data\d2_0001-0100_without_marginalia\1737393700_00000045.xml,0.016015103496061094
d2_0001-0100_without_marginalia,1737393700_00000083,C:\Users\userpc\Desktop\ocr-FINAL\OCR-Evaluation\OCR_GUI\data\d2_0001-0100_without_marginalia\1737393700_00000083.xml,0.016015103496061094
d2_0001-0100_without_marginalia,1737393700_00000098,C:\Users\userpc\Desktop\ocr-FINAL\OCR-Evaluation\OCR_GUI\data\d2_0001-0100_without_marginalia\1737393700_00000098.xml,0.043196350045402614
d2_0001-0100_without_marginalia,1737394219_00000061,C:\Users\userpc\Desktop\ocr-FINAL\OCR-Evaluation\OCR_GUI\data\d2_0001-0100_without_marginalia\1737394219_00000061.xml,0.016313960816475747
d2_0001-0100_without_marginalia,1737394219_00000076,C:\Users\userpc\Desktop\ocr-FINAL\OCR-Evaluation\OCR_GUI\data\d2_0001-0100_without_marginalia\1737394219_00000076.xml,0.016015103496061094
d2_0001-0100_without_marginalia,1737394219_00000100,C:\Users\userpc\Desktop\ocr-FINAL\OCR-Evaluation\OCR_GUI\data\d2_0001-0100_without_marginalia\1737394219_00000100.xml,0.016576275167880558
d2_0001-0100_without_marginalia,1737394219_00000159,C:\Users\userpc\Desktop\ocr-FINAL\OCR-Evaluation\OCR_GUI\data\d2_0001-0100_without_marginalia\1737394219_00000159.xml,0.01812101972020903
d2_0001-0100_without_marginalia,1737394219_00000214,C:\Users\userpc\Desktop\ocr-FINAL\OCR-Evaluation\OCR_GUI\data\d2_0001-0100_without_marginalia\1737394219_00000214.xml,0.016015103496061094
d2_0001-0100_without_marginalia,1737395797_00000033,C:\Users\userpc\Desktop\ocr-FINAL\OCR-Evaluation\OCR_GUI\data\d2_0001-0100_without_marginalia\1737395797_00000033.xml,0.02398236043508872
d2_0001-0100_without_marginalia,1737395797_00000047,C:\Users\userpc\Desktop\ocr-FINAL\OCR-Evaluation\OCR_GUI\data\d2_0001-0100_without_marginalia\1737395797_00000047.xml,0.017723561645523012
d2_0001-0100_without_marginalia,1737395797_00000074,C:\Users\userpc\Desktop\ocr-FINAL\OCR-Evaluation\OCR_GUI\data\d2_0001-0100_without_marginalia\1737395797_00000074.xml,0.016277417847465905
d2_0001-0100_without_marginalia,1737395797_00000104,C:\Users\userpc\Desktop\ocr-FINAL\OCR-Evaluation\OCR_GUI\data\d2_0001-0100_without_marginalia\1737395797_00000104.xml,0.016015103496061094
d2_0001-0100_without_marginalia,1737395797_00000119,C:\Users\userpc\Desktop\ocr-FINAL\OCR-Evaluation\OCR_GUI\data\d2_0001-0100_without_marginalia\1737395797_00000119.xml,0.019987907935814852
d2_0001-0100_without_marginalia,1737476339_00000023,C:\Users\userpc\Desktop\ocr-FINAL\OCR-Evaluation\OCR_GUI\data\d2_0001-0100_without_marginalia\1737476339_00000023.xml,0.02440759023594588
d2_0001-0100_without_marginalia,1737476339_00000027,C:\Users\userpc\Desktop\ocr-FINAL\OCR-Evaluation\OCR_GUI\data\d2_0001-0100_without_marginalia\1737476339_00000027.xml,0.018604068442635725
d2_0001-0100_without_marginalia,1737476339_00000070,C:\Users\userpc\Desktop\ocr-FINAL\OCR-Evaluation\OCR_GUI\data\d2_0001-0100_without_marginalia\1737476339_00000070.xml,0.09494748148131402
d2_0001-0100_without_marginalia,1737476339_00000072,C:\Users\userpc\Desktop\ocr-FINAL\OCR-Evaluation\OCR_GUI\data\d2_0001-0100_without_marginalia\1737476339_00000072.xml,0.01685208734423061
d2_0001-0100_without_marginalia,1737476339_00000096,C:\Users\userpc\Desktop\ocr-FINAL\OCR-Evaluation\OCR_GUI\data\d2_0001-0100_without_marginalia\1737476339_00000096.xml,0.028223797208242224
d2_0001-0100_without_marginalia,1738468887_00000086,C:\Users\userpc\Desktop\ocr-FINAL\OCR-Evaluation\OCR_GUI\data\d2_0001-0100_without_marginalia\1738468887_00000086.xml,0.016801818695331344
d2_0001-0100_without_marginalia,1738468887_00000134,C:\Users\userpc\Desktop\ocr-FINAL\OCR-Evaluation\OCR_GUI\data\d2_0001-0100_without_marginalia\1738468887_00000134.xml,0.016015103496061094
d2_0001-0100_without_marginalia,1738468887_00000137,C:\Users\userpc\Desktop\ocr-FINAL\OCR-Evaluation\OCR_GUI\data\d2_0001-0100_without_marginalia\1738468887_00000137.xml,0.01696788333246897
d2_0001-0100_without_marginalia,1738468887_00000209,C:\Users\userpc\Desktop\ocr-FINAL\OCR-Evaluation\OCR_GUI\data\d2_0001-0100_without_marginalia\1738468887_00000209.xml,0.018065826046754063
d2_0001-0100_without_marginalia,1738468887_00000282,C:\Users\userpc\Desktop\ocr-FINAL\OCR-Evaluation\OCR_GUI\data\d2_0001-0100_without_marginalia\1738468887_00000282.xml,0.016777115594566266
d2_0001-0100_without_marginalia,1738471039_00000010,C:\Users\userpc\Desktop\ocr-FINAL\OCR-Evaluation\OCR_GUI\data\d2_0001-0100_without_marginalia\1738471039_00000010.xml,0.9978392005961727
d2_0001-0100_without_marginalia,1738471039_00000023,C:\Users\userpc\Desktop\ocr-FINAL\OCR-Evaluation\OCR_GUI\data\d2_0001-0100_without_marginalia\1738471039_00000023.xml,0.016478258274151614
d2_0001-0100_without_marginalia,1738471039_00000058,C:\Users\userpc\Desktop\ocr-FINAL\OCR-Evaluation\OCR_GUI\data\d2_0001-0100_without_marginalia\1738471039_00000058.xml,0.016015103496061094
d2_0001-0100_without_marginalia,1738471039_00000102,C:\Users\userpc\Desktop\ocr-FINAL\OCR-Evaluation\OCR_GUI\data\d2_0001-0100_without_marginalia\1738471039_00000102.xml,0.017069013318316794
d2_0001-0100_without_marginalia,1738471039_00000135,C:\Users\userpc\Desktop\ocr-FINAL\OCR-Evaluation\OCR_GUI\data\d2_0001-0100_without_marginalia\1738471039_00000135.xml,0.01600203034338847
d2_0001-0100_without_marginalia,1738560597_00000019,C:\Users\userpc\Desktop\ocr-FINAL\OCR-Evaluation\OCR_GUI\data\d2_0001-0100_without_marginalia\1738560597_00000019.xml,0.0225080041460628
d2_0001-0100_without_marginalia,1738560597_00000170,C:\Users\userpc\Desktop\ocr-FINAL\OCR-Evaluation\OCR_GUI\data\d2_0001-0100_without_marginalia\1738560597_00000170.xml,0.03842803707723514
d2_0001-0100_without_marginalia,1738560597_00000190,C:\Users\userpc\Desktop\ocr-FINAL\OCR-Evaluation\OCR_GUI\data\d2_0001-0100_without_marginalia\1738560597_00000190.xml,0.03343029232991471
d2_0001-0100_without_marginalia,1738560597_00000255,C:\Users\userpc\Desktop\ocr-FINAL\OCR-Evaluation\OCR_GUI\data\d2_0001-0100_without_marginalia\1738560597_00000255.xml,0.019398332982232216
d2_0001-0100_without_marginalia,1738560597_00000313,C:\Users\userpc\Desktop\ocr-FINAL\OCR-Evaluation\OCR_GUI\data\d2_0001-0100_without_marginalia\1738560597_00000313.xml,0.01871225817032855
d2_0001-0100_without_marginalia,1738572234_00000057,C:\Users\userpc\Desktop\ocr-FINAL\OCR-Evaluation\OCR_GUI\data\d2_0001-0100_without_marginalia\1738572234_00000057.xml,0.12002392300231131
d2_0001-0100_without_marginalia,1738572234_00000104,C:\Users\userpc\Desktop\ocr-FINAL\OCR-Evaluation\OCR_GUI\data\d2_0001-0100_without_marginalia\1738572234_00000104.xml,0.08458375725139032
d2_0001-0100_without_marginalia,1738572234_00000194,C:\Users\userpc\Desktop\ocr-FINAL\OCR-Evaluation\OCR_GUI\data\d2_0001-0100_without_marginalia\1738572234_00000194.xml,0.016317997273752643
d2_0001-0100_without_marginalia,1738572234_00000247,C:\Users\userpc\Desktop\ocr-FINAL\OCR-Evaluation\OCR_GUI\data\d2_0001-0100_without_marginalia\1738572234_00000247.xml,0.05714606526063216
d2_0001-0100_without_marginalia,1738572234_00000326,C:\Users\userpc\Desktop\ocr-FINAL\OCR-Evaluation\OCR_GUI\data\d2_0001-0100_without_marginalia\1738572234_00000326.xml,0.01685208734423061
d2_0001-0100_without_marginalia,173857282X_00000027,C:\Users\userpc\Desktop\ocr-FINAL\OCR-Evaluation\OCR_GUI\data\d2_0001-0100_without_marginalia\173857282X_00000027.xml,0.016015103496061094
d2_0001-0100_without_marginalia,173857282X_00000083,C:\Users\userpc\Desktop\ocr-FINAL\OCR-Evaluation\OCR_GUI\data\d2_0001-0100_without_marginalia\173857282X_00000083.xml,0.018604841314663292
d2_0001-0100_without_marginalia,173857282X_00000179,C:\Users\userpc\Desktop\ocr-FINAL\OCR-Evaluation\OCR_GUI\data\d2_0001-0100_without_marginalia\173857282X_00000179.xml,0.019959973663504976
d2_0001-0100_without_marginalia,173857282X_00000273,C:\Users\userpc\Desktop\ocr-FINAL\OCR-Evaluation\OCR_GUI\data\d2_0001-0100_without_marginalia\173857282X_00000273.xml,0.018671320763508626
d2_0001-0100_without_marginalia,173857282X_00000390,C:\Users\userpc\Desktop\ocr-FINAL\OCR-Evaluation\OCR_GUI\data\d2_0001-0100_without_marginalia\173857282X_00000390.xml,0.9978392005961727
d2_0001-0100_without_marginalia,1738583856_00000062,C:\Users\userpc\Desktop\ocr-FINAL\OCR-Evaluation\OCR_GUI\data\d2_0001-0100_without_marginalia\1738583856_00000062.xml,0.019277466299424905
d2_0001-0100_without_marginalia,1738583856_00000075,C:\Users\userpc\Desktop\ocr-FINAL\OCR-Evaluation\OCR_GUI\data\d2_0001-0100_without_marginalia\1738583856_00000075.xml,0.016576275167880558
d2_0001-0100_without_marginalia,1738583856_00000218,C:\Users\userpc\Desktop\ocr-FINAL\OCR-Evaluation\OCR_GUI\data\d2_0001-0100_without_marginalia\1738583856_00000218.xml,0.016277417847465905
d2_0001-0100_without_marginalia,1738583856_00000283,C:\Users\userpc\Desktop\ocr-FINAL\OCR-Evaluation\OCR_GUI\data\d2_0001-0100_without_marginalia\1738583856_00000283.xml,0.12124687344989395
d2_0001-0100_without_marginalia,1738583856_00000324,C:\Users\userpc\Desktop\ocr-FINAL\OCR-Evaluation\OCR_GUI\data\d2_0001-0100_without_marginalia\1738583856_00000324.xml,0.19775665338168014
d2_0001-0100_without_marginalia,1738584399_00000016,C:\Users\userpc\Desktop\ocr-FINAL\OCR-Evaluation\OCR_GUI\data\d2_0001-0100_without_marginalia\1738584399_00000016.xml,0.034137054771479915
d2_0001-0100_without_marginalia,1738584399_00000042,C:\Users\userpc\Desktop\ocr-FINAL\OCR-Evaluation\OCR_GUI\data\d2_0001-0100_without_marginalia\1738584399_00000042.xml,0.8512309282591178
d2_0001-0100_without_marginalia,1738584399_00000070,C:\Users\userpc\Desktop\ocr-FINAL\OCR-Evaluation\OCR_GUI\data\d2_0001-0100_without_marginalia\1738584399_00000070.xml,0.016015103496061094
d2_0001-0100_without_marginalia,1738584399_00000094,C:\Users\userpc\Desktop\ocr-FINAL\OCR-Evaluation\OCR_GUI\data\d2_0001-0100_without_marginalia\1738584399_00000094.xml,0.016015103496061094
d2_0001-0100_without_marginalia,1738584399_00000150,C:\Users\userpc\Desktop\ocr-FINAL\OCR-Evaluation\OCR_GUI\data\d2_0001-0100_without_marginalia\1738584399_00000150.xml,0.9972903095960269
d2_0001-0100_without_marginalia,1738584852_00000067,C:\Users\userpc\Desktop\ocr-FINAL\OCR-Evaluation\OCR_GUI\data\d2_0001-0100_without_marginalia\1738584852_00000067.xml,0.016781152051843162
d2_0001-0100_without_marginalia,1738584852_00000105,C:\Users\userpc\Desktop\ocr-FINAL\OCR-Evaluation\OCR_GUI\data\d2_0001-0100_without_marginalia\1738584852_00000105.xml,0.019482667153745713
d2_0001-0100_without_marginalia,1738584852_00000117,C:\Users\userpc\Desktop\ocr-FINAL\OCR-Evaluation\OCR_GUI\data\d2_0001-0100_without_marginalia\1738584852_00000117.xml,0.016462891771100316
d2_0001-0100_without_marginalia,1738584852_00000122,C:\Users\userpc\Desktop\ocr-FINAL\OCR-Evaluation\OCR_GUI\data\d2_0001-0100_without_marginalia\1738584852_00000122.xml,0.5493533521913748
d2_0001-0100_without_marginalia,1738584852_00000167,C:\Users\userpc\Desktop\ocr-FINAL\OCR-Evaluation\OCR_GUI\data\d2_0001-0100_without_marginalia\1738584852_00000167.xml,0.9978392005961727
d2_0001-0100_without_marginalia,1739037960_00000033,C:\Users\userpc\Desktop\ocr-FINAL\OCR-Evaluation\OCR_GUI\data\d2_0001-0100_without_marginalia\1739037960_00000033.xml,0.10589172451060906
d2_0001-0100_without_marginalia,1739037960_00000073,C:\Users\userpc\Desktop\ocr-FINAL\OCR-Evaluation\OCR_GUI\data\d2_0001-0100_without_marginalia\1739037960_00000073.xml,0.016478258274151614
d2_0001-0100_without_marginalia,1739037960_00000088,C:\Users\userpc\Desktop\ocr-FINAL\OCR-Evaluation\OCR_GUI\data\d2_0001-0100_without_marginalia\1739037960_00000088.xml,0.016806698966911983
d2_0001-0100_without_marginalia,1739037960_00000126,C:\Users\userpc\Desktop\ocr-FINAL\OCR-Evaluation\OCR_GUI\data\d2_0001-0100_without_marginalia\1739037960_00000126.xml,0.016277417847465905
d2_0001-0100_without_marginalia,1739037960_00000127,C:\Users\userpc\Desktop\ocr-FINAL\OCR-Evaluation\OCR_GUI\data\d2_0001-0100_without_marginalia\1739037960_00000127.xml,0.0174924499557881
d2_0001-0100_without_marginalia,1739038274_00000040,C:\Users\userpc\Desktop\ocr-FINAL\OCR-Evaluation\OCR_GUI\data\d2_0001-0100_without_marginalia\1739038274_00000040.xml,0.01729541977572771
d2_0001-0100_without_marginalia,1739038274_00000059,C:\Users\userpc\Desktop\ocr-FINAL\OCR-Evaluation\OCR_GUI\data\d2_0001-0100_without_marginalia\1739038274_00000059.xml,0.8805589580010645
d2_0001-0100_without_marginalia,1739038274_00000132,C:\Users\userpc\Desktop\ocr-FINAL\OCR-Evaluation\OCR_GUI\data\d2_0001-0100_without_marginalia\1739038274_00000132.xml,0.016015103496061094
d2_0001-0100_without_marginalia,1739038274_00000150,C:\Users\userpc\Desktop\ocr-FINAL\OCR-Evaluation\OCR_GUI\data\d2_0001-0100_without_marginalia\1739038274_00000150.xml,0.0185592069557066
d2_0001-0100_without_marginalia,1739038274_00000169,C:\Users\userpc\Desktop\ocr-FINAL\OCR-Evaluation\OCR_GUI\data\d2_0001-0100_without_marginalia\1739038274_00000169.xml,0.02485344719799278
d2_0001-0100_without_marginalia,1739038479_00000054,C:\Users\userpc\Desktop\ocr-FINAL\OCR-Evaluation\OCR_GUI\data\d2_0001-0100_without_marginalia\1739038479_00000054.xml,0.03759368989606923
d2_0001-0100_without_marginalia,1739038479_00000072,C:\Users\userpc\Desktop\ocr-FINAL\OCR-Evaluation\OCR_GUI\data\d2_0001-0100_without_marginalia\1739038479_00000072.xml,0.01658031162515745
d2_0001-0100_without_marginalia,1739038479_00000110,C:\Users\userpc\Desktop\ocr-FINAL\OCR-Evaluation\OCR_GUI\data\d2_0001-0100_without_marginalia\1739038479_00000110.xml,0.016015103496061094
d2_0001-0100_without_marginalia,1739038479_00000116,C:\Users\userpc\Desktop\ocr-FINAL\OCR-Evaluation\OCR_GUI\data\d2_0001-0100_without_marginalia\1739038479_00000116.xml,0.03287415416754798
d2_0001-0100_without_marginalia,1739038479_00000128,C:\Users\userpc\Desktop\ocr-FINAL\OCR-Evaluation\OCR_GUI\data\d2_0001-0100_without_marginalia\1739038479_00000128.xml,0.016705568981064157
d2_0001-0100_without_marginalia,1739039688_00000051,C:\Users\userpc\Desktop\ocr-FINAL\OCR-Evaluation\OCR_GUI\data\d2_0001-0100_without_marginalia\1739039688_00000051.xml,0.016015103496061094
d2_0001-0100_without_marginalia,1739039688_00000085,C:\Users\userpc\Desktop\ocr-FINAL\OCR-Evaluation\OCR_GUI\data\d2_0001-0100_without_marginalia\1739039688_00000085.xml,0.0197662325161586
d2_0001-0100_without_marginalia,1739039688_00000203,C:\Users\userpc\Desktop\ocr-FINAL\OCR-Evaluation\OCR_GUI\data\d2_0001-0100_without_marginalia\1739039688_00000203.xml,0.6730193985671404
d2_0001-0100_without_marginalia,1739039688_00000224,C:\Users\userpc\Desktop\ocr-FINAL\OCR-Evaluation\OCR_GUI\data\d2_0001-0100_without_marginalia\1739039688_00000224.xml,0.8388784103069511
d2_0001-0100_without_marginalia,1739039688_00000285,C:\Users\userpc\Desktop\ocr-FINAL\OCR-Evaluation\OCR_GUI\data\d2_0001-0100_without_marginalia\1739039688_00000285.xml,0.8599757209894392
d2_0001-0100_without_marginalia,1739047397_00000060,C:\Users\userpc\Desktop\ocr-FINAL\OCR-Evaluation\OCR_GUI\data\d2_0001-0100_without_marginalia\1739047397_00000060.xml,0.016015103496061094
d2_0001-0100_without_marginalia,1739047397_00000216,C:\Users\userpc\Desktop\ocr-FINAL\OCR-Evaluation\OCR_GUI\data\d2_0001-0100_without_marginalia\1739047397_00000216.xml,0.03638651996022853
d2_0001-0100_without_marginalia,1739047397_00000242,C:\Users\userpc\Desktop\ocr-FINAL\OCR-Evaluation\OCR_GUI\data\d2_0001-0100_without_marginalia\1739047397_00000242.xml,0.8453660576872712
d2_0001-0100_without_marginalia,1739047397_00000287,C:\Users\userpc\Desktop\ocr-FINAL\OCR-Evaluation\OCR_GUI\data\d2_0001-0100_without_marginalia\1739047397_00000287.xml,0.20424603128942237
d2_0001-0100_without_marginalia,1739047397_00000291,C:\Users\userpc\Desktop\ocr-FINAL\OCR-Evaluation\OCR_GUI\data\d2_0001-0100_without_marginalia\1739047397_00000291.xml,0.3737169947443394
d2_0001-0100_without_marginalia,1739048040_00000011,C:\Users\userpc\Desktop\ocr-FINAL\OCR-Evaluation\OCR_GUI\data\d2_0001-0100_without_marginalia\1739048040_00000011.xml,0.016317997273752643
d2_0001-0100_without_marginalia,1739048040_00000030,C:\Users\userpc\Desktop\ocr-FINAL\OCR-Evaluation\OCR_GUI\data\d2_0001-0100_without_marginalia\1739048040_00000030.xml,0.016015103496061094
d2_0001-0100_without_marginalia,1739048040_00000075,C:\Users\userpc\Desktop\ocr-FINAL\OCR-Evaluation\OCR_GUI\data\d2_0001-0100_without_marginalia\1739048040_00000075.xml,0.026936126616001324
d2_0001-0100_without_marginalia,1739048040_00000086,C:\Users\userpc\Desktop\ocr-FINAL\OCR-Evaluation\OCR_GUI\data\d2_0001-0100_without_marginalia\1739048040_00000086.xml,0.016576275167880558
d2_0001-0100_without_marginalia,1739048040_00000138,C:\Users\userpc\Desktop\ocr-FINAL\OCR-Evaluation\OCR_GUI\data\d2_0001-0100_without_marginalia\1739048040_00000138.xml,0.01658031162515745
d2_0001-0100_without_marginalia,1740257367_00000005,C:\Users\userpc\Desktop\ocr-FINAL\OCR-Evaluation\OCR_GUI\data\d2_0001-0100_without_marginalia\1740257367_00000005.xml,0.8064627476797209
d2_0001-0100_without_marginalia,1740257367_00000029,C:\Users\userpc\Desktop\ocr-FINAL\OCR-Evaluation\OCR_GUI\data\d2_0001-0100_without_marginalia\1740257367_00000029.xml,0.02339179644545917
d2_0001-0100_without_marginalia,1740257367_00000077,C:\Users\userpc\Desktop\ocr-FINAL\OCR-Evaluation\OCR_GUI\data\d2_0001-0100_without_marginalia\1740257367_00000077.xml,0.9875755668688099
d2_0001-0100_without_marginalia,1740257367_00000080,C:\Users\userpc\Desktop\ocr-FINAL\OCR-Evaluation\OCR_GUI\data\d2_0001-0100_without_marginalia\1740257367_00000080.xml,0.9424586265577893
d2_0001-0100_without_marginalia,1740257367_00000087,C:\Users\userpc\Desktop\ocr-FINAL\OCR-Evaluation\OCR_GUI\data\d2_0001-0100_without_marginalia\1740257367_00000087.xml,0.9978392005961727
d2_0001-0100_without_marginalia,1740361105_00000002,C:\Users\userpc\Desktop\ocr-FINAL\OCR-Evaluation\OCR_GUI\data\d2_0001-0100_without_marginalia\1740361105_00000002.xml,0.8658655671026788
d2_0001-0100_without_marginalia,1740361105_00000021,C:\Users\userpc\Desktop\ocr-FINAL\OCR-Evaluation\OCR_GUI\data\d2_0001-0100_without_marginalia\1740361105_00000021.xml,0.0378704695072621
d2_0001-0100_without_marginalia,1740361105_00000055,C:\Users\userpc\Desktop\ocr-FINAL\OCR-Evaluation\OCR_GUI\data\d2_0001-0100_without_marginalia\1740361105_00000055.xml,0.018419072592749112
d2_0001-0100_without_marginalia,1740361105_00000092,C:\Users\userpc\Desktop\ocr-FINAL\OCR-Evaluation\OCR_GUI\data\d2_0001-0100_without_marginalia\1740361105_00000092.xml,0.01658031162515745
d2_0001-0100_without_marginalia,1740361105_00000093,C:\Users\userpc\Desktop\ocr-FINAL\OCR-Evaluation\OCR_GUI\data\d2_0001-0100_without_marginalia\1740361105_00000093.xml,0.016879168945572107
d2_0001-0100_without_marginalia,1740367642_00000024,C:\Users\userpc\Desktop\ocr-FINAL\OCR-Evaluation\OCR_GUI\data\d2_0001-0100_without_marginalia\1740367642_00000024.xml,0.0406010245918695
d2_0001-0100_without_marginalia,1740367642_00000048,C:\Users\userpc\Desktop\ocr-FINAL\OCR-Evaluation\OCR_GUI\data\d2_0001-0100_without_marginalia\1740367642_00000048.xml,0.01779198420672008
d2_0001-0100_without_marginalia,1740367642_00000080,C:\Users\userpc\Desktop\ocr-FINAL\OCR-Evaluation\OCR_GUI\data\d2_0001-0100_without_marginalia\1740367642_00000080.xml,0.01680705207440175
d2_0001-0100_without_marginalia,1740367642_00000085,C:\Users\userpc\Desktop\ocr-FINAL\OCR-Evaluation\OCR_GUI\data\d2_0001-0100_without_marginalia\1740367642_00000085.xml,0.027491228945917115
d2_0001-0100_without_marginalia,1740367642_00000089,C:\Users\userpc\Desktop\ocr-FINAL\OCR-Evaluation\OCR_GUI\data\d2_0001-0100_without_marginalia\1740367642_00000089.xml,0.032076114171096855
d2_0001-0100_without_marginalia,1740369165_00000010,C:\Users\userpc\Desktop\ocr-FINAL\OCR-Evaluation\OCR_GUI\data\d2_0001-0100_without_marginalia\1740369165_00000010.xml,0.03555870157926184
d2_0001-0100_without_marginalia,1740369165_00000017,C:\Users\userpc\Desktop\ocr-FINAL\OCR-Evaluation\OCR_GUI\data\d2_0001-0100_without_marginalia\1740369165_00000017.xml,0.021885682647556845
d2_0001-0100_without_marginalia,1740369165_00000034,C:\Users\userpc\Desktop\ocr-FINAL\OCR-Evaluation\OCR_GUI\data\d2_0001-0100_without_marginalia\1740369165_00000034.xml,0.017109945852093297
d2_0001-0100_without_marginalia,1740369165_00000069,C:\Users\userpc\Desktop\ocr-FINAL\OCR-Evaluation\OCR_GUI\data\d2_0001-0100_without_marginalia\1740369165_00000069.xml,0.017105909394816408
d2_0001-0100_without_marginalia,1740369165_00000176,C:\Users\userpc\Desktop\ocr-FINAL\OCR-Evaluation\OCR_GUI\data\d2_0001-0100_without_marginalia\1740369165_00000176.xml,0.01797745813035449
d2_0001-0100_without_marginalia,1740379381_00000015,C:\Users\userpc\Desktop\ocr-FINAL\OCR-Evaluation\OCR_GUI\data\d2_0001-0100_without_marginalia\1740379381_00000015.xml,0.01684763150068849
d2_0001-0100_without_marginalia,1740379381_00000060,C:\Users\userpc\Desktop\ocr-FINAL\OCR-Evaluation\OCR_GUI\data\d2_0001-0100_without_marginalia\1740379381_00000060.xml,0.017109945852093297
d2_0001-0100_without_marginalia,1740379381_00000063,C:\Users\userpc\Desktop\ocr-FINAL\OCR-Evaluation\OCR_GUI\data\d2_0001-0100_without_marginalia\1740379381_00000063.xml,0.01882761030613364
d2_0001-0100_without_marginalia,1740379381_00000113,C:\Users\userpc\Desktop\ocr-FINAL\OCR-Evaluation\OCR_GUI\data\d2_0001-0100_without_marginalia\1740379381_00000113.xml,0.01680705207440175
d2_0001-0100_without_marginalia,1740379381_00000133,C:\Users\userpc\Desktop\ocr-FINAL\OCR-Evaluation\OCR_GUI\data\d2_0001-0100_without_marginalia\1740379381_00000133.xml,0.017105909394816408
d2_0001-0100_without_marginalia,1740383338_00000050,C:\Users\userpc\Desktop\ocr-FINAL\OCR-Evaluation\OCR_GUI\data\d2_0001-0100_without_marginalia\1740383338_00000050.xml,0.016200577419695505
d2_0001-0100_without_marginalia,1740383338_00000075,C:\Users\userpc\Desktop\ocr-FINAL\OCR-Evaluation\OCR_GUI\data\d2_0001-0100_without_marginalia\1740383338_00000075.xml,0.020709401108490143
d2_0001-0100_without_marginalia,1740383338_00000132,C:\Users\userpc\Desktop\ocr-FINAL\OCR-Evaluation\OCR_GUI\data\d2_0001-0100_without_marginalia\1740383338_00000132.xml,0.016576275167880558
d2_0001-0100_without_marginalia,1740383338_00000141,C:\Users\userpc\Desktop\ocr-FINAL\OCR-Evaluation\OCR_GUI\data\d2_0001-0100_without_marginalia\1740383338_00000141.xml,0.016277417847465905
d2_0001-0100_without_marginalia,1740383338_00000150,C:\Users\userpc\Desktop\ocr-FINAL\OCR-Evaluation\OCR_GUI\data\d2_0001-0100_without_marginalia\1740383338_00000150.xml,0.02072282744272469
d2_0001-0100_without_marginalia,1740384288_00000002,C:\Users\userpc\Desktop\ocr-FINAL\OCR-Evaluation\OCR_GUI\data\d2_0001-0100_without_marginalia\1740384288_00000002.xml,0.9256110122554699
d2_0001-0100_without_marginalia,1740384288_00000107,C:\Users\userpc\Desktop\ocr-FINAL\OCR-Evaluation\OCR_GUI\data\d2_0001-0100_without_marginalia\1740384288_00000107.xml,0.019243413543379384
d2_0001-0100_without_marginalia,1740384288_00000128,C:\Users\userpc\Desktop\ocr-FINAL\OCR-Evaluation\OCR_GUI\data\d2_0001-0100_without_marginalia\1740384288_00000128.xml,0.016277417847465905
d2_0001-0100_without_marginalia,1740384288_00000131,C:\Users\userpc\Desktop\ocr-FINAL\OCR-Evaluation\OCR_GUI\data\d2_0001-0100_without_marginalia\1740384288_00000131.xml,0.01680705207440175
d2_0001-0100_without_marginalia,1740384288_00000234,C:\Users\userpc\Desktop\ocr-FINAL\OCR-Evaluation\OCR_GUI\data\d2_0001-0100_without_marginalia\1740384288_00000234.xml,0.01856849454047522
d2_0001-0100_without_marginalia,1740384768_00000007,C:\Users\userpc\Desktop\ocr-FINAL\OCR-Evaluation\OCR_GUI\data\d2_0001-0100_without_marginalia\1740384768_00000007.xml,0.020506496821865637
d2_0001-0100_without_marginalia,1740384768_00000014,C:\Users\userpc\Desktop\ocr-FINAL\OCR-Evaluation\OCR_GUI\data\d2_0001-0100_without_marginalia\1740384768_00000014.xml,0.017984155700415207
d2_0001-0100_without_marginalia,1740384768_00000019,C:\Users\userpc\Desktop\ocr-FINAL\OCR-Evaluation\OCR_GUI\data\d2_0001-0100_without_marginalia\1740384768_00000019.xml,0.016313960816475747
d2_0001-0100_without_marginalia,1740384768_00000095,C:\Users\userpc\Desktop\ocr-FINAL\OCR-Evaluation\OCR_GUI\data\d2_0001-0100_without_marginalia\1740384768_00000095.xml,0.01723081253490061
d2_0001-0100_without_marginalia,1740384768_00000109,C:\Users\userpc\Desktop\ocr-FINAL\OCR-Evaluation\OCR_GUI\data\d2_0001-0100_without_marginalia\1740384768_00000109.xml,0.016015103496061094
d2_0001-0100_without_marginalia,1740385209_00000085,C:\Users\userpc\Desktop\ocr-FINAL\OCR-Evaluation\OCR_GUI\data\d2_0001-0100_without_marginalia\1740385209_00000085.xml,0.06473104634375774
d2_0001-0100_without_marginalia,1740385209_00000167,C:\Users\userpc\Desktop\ocr-FINAL\OCR-Evaluation\OCR_GUI\data\d2_0001-0100_without_marginalia\1740385209_00000167.xml,0.016879168945572107
d2_0001-0100_without_marginalia,1740385209_00000285,C:\Users\userpc\Desktop\ocr-FINAL\OCR-Evaluation\OCR_GUI\data\d2_0001-0100_without_marginalia\1740385209_00000285.xml,0.04715260784915548
d2_0001-0100_without_marginalia,1740385209_00000495,C:\Users\userpc\Desktop\ocr-FINAL\OCR-Evaluation\OCR_GUI\data\d2_0001-0100_without_marginalia\1740385209_00000495.xml,0.016313960816475747
d2_0001-0100_without_marginalia,1740385209_00000555,C:\Users\userpc\Desktop\ocr-FINAL\OCR-Evaluation\OCR_GUI\data\d2_0001-0100_without_marginalia\1740385209_00000555.xml,0.024377553983189148
d2_0001-0100_without_marginalia,1740385934_00000029,C:\Users\userpc\Desktop\ocr-FINAL\OCR-Evaluation\OCR_GUI\data\d2_0001-0100_without_marginalia\1740385934_00000029.xml,0.434610488201912
d2_0001-0100_without_marginalia,1740385934_00000042,C:\Users\userpc\Desktop\ocr-FINAL\OCR-Evaluation\OCR_GUI\data\d2_0001-0100_without_marginalia\1740385934_00000042.xml,0.016879168945572107
d2_0001-0100_without_marginalia,1740385934_00000078,C:\Users\userpc\Desktop\ocr-FINAL\OCR-Evaluation\OCR_GUI\data\d2_0001-0100_without_marginalia\1740385934_00000078.xml,0.024328377168132315
d2_0001-0100_without_marginalia,1740385934_00000119,C:\Users\userpc\Desktop\ocr-FINAL\OCR-Evaluation\OCR_GUI\data\d2_0001-0100_without_marginalia\1740385934_00000119.xml,0.016015103496061094
d2_0001-0100_without_marginalia,1740385934_00000148,C:\Users\userpc\Desktop\ocr-FINAL\OCR-Evaluation\OCR_GUI\data\d2_0001-0100_without_marginalia\1740385934_00000148.xml,0.01696788333246897
d2_0001-0100_without_marginalia,174038637X_00000018,C:\Users\userpc\Desktop\ocr-FINAL\OCR-Evaluation\OCR_GUI\data\d2_0001-0100_without_marginalia\174038637X_00000018.xml,0.017004426301478814
d2_0001-0100_without_marginalia,174038637X_00000060,C:\Users\userpc\Desktop\ocr-FINAL\OCR-Evaluation\OCR_GUI\data\d2_0001-0100_without_marginalia\174038637X_00000060.xml,0.017189900225113224
d2_0001-0100_without_marginalia,174038637X_00000097,C:\Users\userpc\Desktop\ocr-FINAL\OCR-Evaluation\OCR_GUI\data\d2_0001-0100_without_marginalia\174038637X_00000097.xml,0.016313960816475747
d2_0001-0100_without_marginalia,174038637X_00000126,C:\Users\userpc\Desktop\ocr-FINAL\OCR-Evaluation\OCR_GUI\data\d2_0001-0100_without_marginalia\174038637X_00000126.xml,0.020132715196641938
d2_0001-0100_without_marginalia,174038637X_00000142,C:\Users\userpc\Desktop\ocr-FINAL\OCR-Evaluation\OCR_GUI\data\d2_0001-0100_without_marginalia\174038637X_00000142.xml,0.016015103496061094
d2_0001-0100_without_marginalia,1740386922_00000203,C:\Users\userpc\Desktop\ocr-FINAL\OCR-Evaluation\OCR_GUI\data\d2_0001-0100_without_marginalia\1740386922_00000203.xml,0.016313960816475747
d2_0001-0100_without_marginalia,1740386922_00000208,C:\Users\userpc\Desktop\ocr-FINAL\OCR-Evaluation\OCR_GUI\data\d2_0001-0100_without_marginalia\1740386922_00000208.xml,0.016277417847465905
d2_0001-0100_without_marginalia,1740386922_00000234,C:\Users\userpc\Desktop\ocr-FINAL\OCR-Evaluation\OCR_GUI\data\d2_0001-0100_without_marginalia\1740386922_00000234.xml,0.016576275167880558
d2_0001-0100_without_marginalia,1740386922_00000265,C:\Users\userpc\Desktop\ocr-FINAL\OCR-Evaluation\OCR_GUI\data\d2_0001-0100_without_marginalia\1740386922_00000265.xml,0.016616854594167296
d2_0001-0100_without_marginalia,1740386922_00000281,C:\Users\userpc\Desktop\ocr-FINAL\OCR-Evaluation\OCR_GUI\data\d2_0001-0100_without_marginalia\1740386922_00000281.xml,0.026756753715131854
d2_0001-0100_without_marginalia,1740388542_00000002,C:\Users\userpc\Desktop\ocr-FINAL\OCR-Evaluation\OCR_GUI\data\d2_0001-0100_without_marginalia\1740388542_00000002.xml,0.9493209751435572
d2_0001-0100_without_marginalia,1740388542_00000038,C:\Users\userpc\Desktop\ocr-FINAL\OCR-Evaluation\OCR_GUI\data\d2_0001-0100_without_marginalia\1740388542_00000038.xml,0.031127389410896832
d2_0001-0100_without_marginalia,1740388542_00000039,C:\Users\userpc\Desktop\ocr-FINAL\OCR-Evaluation\OCR_GUI\data\d2_0001-0100_without_marginalia\1740388542_00000039.xml,0.02254330339433215
d2_0001-0100_without_marginalia,1740388542_00000044,C:\Users\userpc\Desktop\ocr-FINAL\OCR-Evaluation\OCR_GUI\data\d2_0001-0100_without_marginalia\1740388542_00000044.xml,0.02268457782805419
d2_0001-0100_without_marginalia,1740388542_00000047,C:\Users\userpc\Desktop\ocr-FINAL\OCR-Evaluation\OCR_GUI\data\d2_0001-0100_without_marginalia\1740388542_00000047.xml,0.016277417847465905
d2_0001-0100_without_marginalia,1740391551_00000018,C:\Users\userpc\Desktop\ocr-FINAL\OCR-Evaluation\OCR_GUI\data\d2_0001-0100_without_marginalia\1740391551_00000018.xml,0.07476592537291968
d2_0001-0100_without_marginalia,1740391551_00000022,C:\Users\userpc\Desktop\ocr-FINAL\OCR-Evaluation\OCR_GUI\data\d2_0001-0100_without_marginalia\1740391551_00000022.xml,0.01726234997978423
d2_0001-0100_without_marginalia,1740391551_00000037,C:\Users\userpc\Desktop\ocr-FINAL\OCR-Evaluation\OCR_GUI\data\d2_0001-0100_without_marginalia\1740391551_00000037.xml,0.016015103496061094
d2_0001-0100_without_marginalia,1740391551_00000049,C:\Users\userpc\Desktop\ocr-FINAL\OCR-Evaluation\OCR_GUI\data\d2_0001-0100_without_marginalia\1740391551_00000049.xml,0.08939100842103588
d2_0001-0100_without_marginalia,1740391551_00000066,C:\Users\userpc\Desktop\ocr-FINAL\OCR-Evaluation\OCR_GUI\data\d2_0001-0100_without_marginalia\1740391551_00000066.xml,0.8658655671026788
d2_0001-0100_without_marginalia,1740391969_00000007,C:\Users\userpc\Desktop\ocr-FINAL\OCR-Evaluation\OCR_GUI\data\d2_0001-0100_without_marginalia\1740391969_00000007.xml,0.025272828469297508
d2_0001-0100_without_marginalia,1740391969_00000026,C:\Users\userpc\Desktop\ocr-FINAL\OCR-Evaluation\OCR_GUI\data\d2_0001-0100_without_marginalia\1740391969_00000026.xml,0.3857701959246031
d2_0001-0100_without_marginalia,1740391969_00000037,C:\Users\userpc\Desktop\ocr-FINAL\OCR-Evaluation\OCR_GUI\data\d2_0001-0100_without_marginalia\1740391969_00000037.xml,0.017832563633006816
d2_0001-0100_without_marginalia,1740391969_00000066,C:\Users\userpc\Desktop\ocr-FINAL\OCR-Evaluation\OCR_GUI\data\d2_0001-0100_without_marginalia\1740391969_00000066.xml,0.8248111887520014
d2_0001-0100_without_marginalia,1740391969_00000080,C:\Users\userpc\Desktop\ocr-FINAL\OCR-Evaluation\OCR_GUI\data\d2_0001-0100_without_marginalia\1740391969_00000080.xml,0.7595109856937481
d2_0001-0100_without_marginalia,1740392299_00000015,C:\Users\userpc\Desktop\ocr-FINAL\OCR-Evaluation\OCR_GUI\data\d2_0001-0100_without_marginalia\1740392299_00000015.xml,0.016015103496061094
d2_0001-0100_without_marginalia,1740392299_00000018,C:\Users\userpc\Desktop\ocr-FINAL\OCR-Evaluation\OCR_GUI\data\d2_0001-0100_without_marginalia\1740392299_00000018.xml,0.01726234997978423
d2_0001-0100_without_marginalia,1740392299_00000023,C:\Users\userpc\Desktop\ocr-FINAL\OCR-Evaluation\OCR_GUI\data\d2_0001-0100_without_marginalia\1740392299_00000023.xml,0.016992525998036162
d2_0001-0100_without_marginalia,1740392299_00000049,C:\Users\userpc\Desktop\ocr-FINAL\OCR-Evaluation\OCR_GUI\data\d2_0001-0100_without_marginalia\1740392299_00000049.xml,0.016277417847465905
d2_0001-0100_without_marginalia,1740392299_00000081,C:\Users\userpc\Desktop\ocr-FINAL\OCR-Evaluation\OCR_GUI\data\d2_0001-0100_without_marginalia\1740392299_00000081.xml,0.8658655671026788
d2_0001-0100_without_marginalia,1740393074_00000012,C:\Users\userpc\Desktop\ocr-FINAL\OCR-Evaluation\OCR_GUI\data\d2_0001-0100_without_marginalia\1740393074_00000012.xml,0.030382236362011178
d2_0001-0100_without_marginalia,1740393074_00000019,C:\Users\userpc\Desktop\ocr-FINAL\OCR-Evaluation\OCR_GUI\data\d2_0001-0100_without_marginalia\1740393074_00000019.xml,0.03931045094285242
d2_0001-0100_without_marginalia,1740393074_00000037,C:\Users\userpc\Desktop\ocr-FINAL\OCR-Evaluation\OCR_GUI\data\d2_0001-0100_without_marginalia\1740393074_00000037.xml,0.0405437168212278
d2_0001-0100_without_marginalia,1740393074_00000049,C:\Users\userpc\Desktop\ocr-FINAL\OCR-Evaluation\OCR_GUI\data\d2_0001-0100_without_marginalia\1740393074_00000049.xml,0.13022795250266347
d2_0001-0100_without_marginalia,1740393074_00000098,C:\Users\userpc\Desktop\ocr-FINAL\OCR-Evaluation\OCR_GUI\data\d2_0001-0100_without_marginalia\1740393074_00000098.xml,0.046654370730612155
d2_0001-0100_without_marginalia,1740395999_00000005,C:\Users\userpc\Desktop\ocr-FINAL\OCR-Evaluation\OCR_GUI\data\d2_0001-0100_without_marginalia\1740395999_00000005.xml,0.18180379917168657
d2_0001-0100_without_marginalia,1740395999_00000041,C:\Users\userpc\Desktop\ocr-FINAL\OCR-Evaluation\OCR_GUI\data\d2_0001-0100_without_marginalia\1740395999_00000041.xml,0.22308691948673995
d2_0001-0100_without_marginalia,1740395999_00000045,C:\Users\userpc\Desktop\ocr-FINAL\OCR-Evaluation\OCR_GUI\data\d2_0001-0100_without_marginalia\1740395999_00000045.xml,0.53157425917147
d2_0001-0100_without_marginalia,1740395999_00000052,C:\Users\userpc\Desktop\ocr-FINAL\OCR-Evaluation\OCR_GUI\data\d2_0001-0100_without_marginalia\1740395999_00000052.xml,0.3791345087364919
d2_0001-0100_without_marginalia,1740395999_00000064,C:\Users\userpc\Desktop\ocr-FINAL\OCR-Evaluation\OCR_GUI\data\d2_0001-0100_without_marginalia\1740395999_00000064.xml,0.04472097309847433
d2_0001-0100_without_marginalia,1740399145_00000103,C:\Users\userpc\Desktop\ocr-FINAL\OCR-Evaluation\OCR_GUI\data\d2_0001-0100_without_marginalia\1740399145_00000103.xml,0.016277417847465905
d2_0001-0100_without_marginalia,1740399145_00000128,C:\Users\userpc\Desktop\ocr-FINAL\OCR-Evaluation\OCR_GUI\data\d2_0001-0100_without_marginalia\1740399145_00000128.xml,0.03217366571279351
d2_0001-0100_without_marginalia,1740399145_00000388,C:\Users\userpc\Desktop\ocr-FINAL\OCR-Evaluation\OCR_GUI\data\d2_0001-0100_without_marginalia\1740399145_00000388.xml,0.024937224462881727
d2_0001-0100_without_marginalia,1740399145_00000435,C:\Users\userpc\Desktop\ocr-FINAL\OCR-Evaluation\OCR_GUI\data\d2_0001-0100_without_marginalia\1740399145_00000435.xml,0.9828304570206009
d2_0001-0100_without_marginalia,1740399145_00000436,C:\Users\userpc\Desktop\ocr-FINAL\OCR-Evaluation\OCR_GUI\data\d2_0001-0100_without_marginalia\1740399145_00000436.xml,0.9711913082548829
d2_0001-0100_without_marginalia,1740399404_00000002,C:\Users\userpc\Desktop\ocr-FINAL\OCR-Evaluation\OCR_GUI\data\d2_0001-0100_without_marginalia\1740399404_00000002.xml,0.9346806274558891
d2_0001-0100_without_marginalia,1740399404_00000010,C:\Users\userpc\Desktop\ocr-FINAL\OCR-Evaluation\OCR_GUI\data\d2_0001-0100_without_marginalia\1740399404_00000010.xml,0.5667227487773391
d2_0001-0100_without_marginalia,1740399404_00000022,C:\Users\userpc\Desktop\ocr-FINAL\OCR-Evaluation\OCR_GUI\data\d2_0001-0100_without_marginalia\1740399404_00000022.xml,0.058131291692872275
d2_0001-0100_without_marginalia,1740399404_00000027,C:\Users\userpc\Desktop\ocr-FINAL\OCR-Evaluation\OCR_GUI\data\d2_0001-0100_without_marginalia\1740399404_00000027.xml,0.016317997273752643
d2_0001-0100_without_marginalia,1740399404_00000048,C:\Users\userpc\Desktop\ocr-FINAL\OCR-Evaluation\OCR_GUI\data\d2_0001-0100_without_marginalia\1740399404_00000048.xml,0.020134019606594472
d2_0001-0100_without_marginalia,1740400143_00000056,C:\Users\userpc\Desktop\ocr-FINAL\OCR-Evaluation\OCR_GUI\data\d2_0001-0100_without_marginalia\1740400143_00000056.xml,0.03151046034331422
d2_0001-0100_without_marginalia,1740400143_00000128,C:\Users\userpc\Desktop\ocr-FINAL\OCR-Evaluation\OCR_GUI\data\d2_0001-0100_without_marginalia\1740400143_00000128.xml,0.0314736042382046
d2_0001-0100_without_marginalia,1740400143_00000131,C:\Users\userpc\Desktop\ocr-FINAL\OCR-Evaluation\OCR_GUI\data\d2_0001-0100_without_marginalia\1740400143_00000131.xml,0.021183849220112246
d2_0001-0100_without_marginalia,1740400143_00000136,C:\Users\userpc\Desktop\ocr-FINAL\OCR-Evaluation\OCR_GUI\data\d2_0001-0100_without_marginalia\1740400143_00000136.xml,0.027951850731874936
d2_0001-0100_without_marginalia,1740400143_00000152,C:\Users\userpc\Desktop\ocr-FINAL\OCR-Evaluation\OCR_GUI\data\d2_0001-0100_without_marginalia\1740400143_00000152.xml,0.016576275167880558
d2_0001-0100_without_marginalia,1740400666_00000007,C:\Users\userpc\Desktop\ocr-FINAL\OCR-Evaluation\OCR_GUI\data\d2_0001-0100_without_marginalia\1740400666_00000007.xml,0.47395908488172417
d2_0001-0100_without_marginalia,1740400666_00000021,C:\Users\userpc\Desktop\ocr-FINAL\OCR-Evaluation\OCR_GUI\data\d2_0001-0100_without_marginalia\1740400666_00000021.xml,0.07948866023976325
d2_0001-0100_without_marginalia,1740400666_00000027,C:\Users\userpc\Desktop\ocr-FINAL\OCR-Evaluation\OCR_GUI\data\d2_0001-0100_without_marginalia\1740400666_00000027.xml,0.03219772577244087
d2_0001-0100_without_marginalia,1740400666_00000074,C:\Users\userpc\Desktop\ocr-FINAL\OCR-Evaluation\OCR_GUI\data\d2_0001-0100_without_marginalia\1740400666_00000074.xml,0.01658031162515745
d2_0001-0100_without_marginalia,1740400666_00000080,C:\Users\userpc\Desktop\ocr-FINAL\OCR-Evaluation\OCR_GUI\data\d2_0001-0100_without_marginalia\1740400666_00000080.xml,0.016576275167880558
d2_0001-0100_without_marginalia,1740401204_00000001,C:\Users\userpc\Desktop\ocr-FINAL\OCR-Evaluation\OCR_GUI\data\d2_0001-0100_without_marginalia\1740401204_00000001.xml,0.5050841612220361
d2_0001-0100_without_marginalia,1740401204_00000009,C:\Users\userpc\Desktop\ocr-FINAL\OCR-Evaluation\OCR_GUI\data\d2_0001-0100_without_marginalia\1740401204_00000009.xml,0.017529669855315268
d2_0001-0100_without_marginalia,1740401204_00000010,C:\Users\userpc\Desktop\ocr-FINAL\OCR-Evaluation\OCR_GUI\data\d2_0001-0100_without_marginalia\1740401204_00000010.xml,0.04311477041870981
d2_0001-0100_without_marginalia,1740401204_00000017,C:\Users\userpc\Desktop\ocr-FINAL\OCR-Evaluation\OCR_GUI\data\d2_0001-0100_without_marginalia\1740401204_00000017.xml,0.03682441768014941
d2_0001-0100_without_marginalia,1740401204_00000020,C:\Users\userpc\Desktop\ocr-FINAL\OCR-Evaluation\OCR_GUI\data\d2_0001-0100_without_marginalia\1740401204_00000020.xml,0.9947932191600476
d2_0001-0100_without_marginalia,1740402545_00000002,C:\Users\userpc\Desktop\ocr-FINAL\OCR-Evaluation\OCR_GUI\data\d2_0001-0100_without_marginalia\1740402545_00000002.xml,0.9627850776830665
d2_0001-0100_without_marginalia,1740402545_00000010,C:\Users\userpc\Desktop\ocr-FINAL\OCR-Evaluation\OCR_GUI\data\d2_0001-0100_without_marginalia\1740402545_00000010.xml,0.20824427266436638
d2_0001-0100_without_marginalia,1740402545_00000011,C:\Users\userpc\Desktop\ocr-FINAL\OCR-Evaluation\OCR_GUI\data\d2_0001-0100_without_marginalia\1740402545_00000011.xml,0.016015103496061094
d2_0001-0100_without_marginalia,1740402545_00000030,C:\Users\userpc\Desktop\ocr-FINAL\OCR-Evaluation\OCR_GUI\data\d2_0001-0100_without_marginalia\1740402545_00000030.xml,0.06663026411737871
d2_0001-0100_without_marginalia,1740402723_00000010,C:\Users\userpc\Desktop\ocr-FINAL\OCR-Evaluation\OCR_GUI\data\d2_0001-0100_without_marginalia\1740402723_00000010.xml,0.7915058325032897
d2_0001-0100_without_marginalia,1740402723_00000012,C:\Users\userpc\Desktop\ocr-FINAL\OCR-Evaluation\OCR_GUI\data\d2_0001-0100_without_marginalia\1740402723_00000012.xml,0.01649943474011016
d2_0001-0100_without_marginalia,1740402723_00000031,C:\Users\userpc\Desktop\ocr-FINAL\OCR-Evaluation\OCR_GUI\data\d2_0001-0100_without_marginalia\1740402723_00000031.xml,0.016879168945572107
d2_0001-0100_without_marginalia,1740402723_00000042,C:\Users\userpc\Desktop\ocr-FINAL\OCR-Evaluation\OCR_GUI\data\d2_0001-0100_without_marginalia\1740402723_00000042.xml,0.016701178307964765
d2_0001-0100_without_marginalia,1740402723_00000046,C:\Users\userpc\Desktop\ocr-FINAL\OCR-Evaluation\OCR_GUI\data\d2_0001-0100_without_marginalia\1740402723_00000046.xml,0.027604040656109365
d2_0001-0100_without_marginalia,1740403088_00000059,C:\Users\userpc\Desktop\ocr-FINAL\OCR-Evaluation\OCR_GUI\data\d2_0001-0100_without_marginalia\1740403088_00000059.xml,0.01658031162515745
d2_0001-0100_without_marginalia,1740403088_00000076,C:\Users\userpc\Desktop\ocr-FINAL\OCR-Evaluation\OCR_GUI\data\d2_0001-0100_without_marginalia\1740403088_00000076.xml,0.018791451268833758
d2_0001-0100_without_marginalia,1740403088_00000087,C:\Users\userpc\Desktop\ocr-FINAL\OCR-Evaluation\OCR_GUI\data\d2_0001-0100_without_marginalia\1740403088_00000087.xml,0.01775510835420958
d2_0001-0100_without_marginalia,1740403088_00000109,C:\Users\userpc\Desktop\ocr-FINAL\OCR-Evaluation\OCR_GUI\data\d2_0001-0100_without_marginalia\1740403088_00000109.xml,0.016317997273752643
d2_0001-0100_without_marginalia,1740403088_00000146,C:\Users\userpc\Desktop\ocr-FINAL\OCR-Evaluation\OCR_GUI\data\d2_0001-0100_without_marginalia\1740403088_00000146.xml,0.03845922549187925
d2_0001-0100_without_marginalia,1740404564_00000001,C:\Users\userpc\Desktop\ocr-FINAL\OCR-Evaluation\OCR_GUI\data\d2_0001-0100_without_marginalia\1740404564_00000001.xml,0.9144729587441541
d2_0001-0100_without_marginalia,1740404564_00000046,C:\Users\userpc\Desktop\ocr-FINAL\OCR-Evaluation\OCR_GUI\data\d2_0001-0100_without_marginalia\1740404564_00000046.xml,0.03892552394743773
d2_0001-0100_without_marginalia,1740404564_00000053,C:\Users\userpc\Desktop\ocr-FINAL\OCR-Evaluation\OCR_GUI\data\d2_0001-0100_without_marginalia\1740404564_00000053.xml,0.01685208734423061
d2_0001-0100_without_marginalia,1740404564_00000109,C:\Users\userpc\Desktop\ocr-FINAL\OCR-Evaluation\OCR_GUI\data\d2_0001-0100_without_marginalia\1740404564_00000109.xml,0.016015103496061094
d2_0001-0100_without_marginalia,1740404564_00000112,C:\Users\userpc\Desktop\ocr-FINAL\OCR-Evaluation\OCR_GUI\data\d2_0001-0100_without_marginalia\1740404564_00000112.xml,0.01726234997978423
d2_0001-0100_without_marginalia,1740404947_00000017,C:\Users\userpc\Desktop\ocr-FINAL\OCR-Evaluation\OCR_GUI\data\d2_0001-0100_without_marginalia\1740404947_00000017.xml,0.01600203034338847
d2_0001-0100_without_marginalia,1740404947_00000053,C:\Users\userpc\Desktop\ocr-FINAL\OCR-Evaluation\OCR_GUI\data\d2_0001-0100_without_marginalia\1740404947_00000053.xml,0.017224903869605488
d2_0001-0100_without_marginalia,1740404947_00000096,C:\Users\userpc\Desktop\ocr-FINAL\OCR-Evaluation\OCR_GUI\data\d2_0001-0100_without_marginalia\1740404947_00000096.xml,0.614339090701075
d2_0001-0100_without_marginalia,1740404947_00000229,C:\Users\userpc\Desktop\ocr-FINAL\OCR-Evaluation\OCR_GUI\data\d2_0001-0100_without_marginalia\1740404947_00000229.xml,0.016313960816475747
d2_0001-0100_without_marginalia,1740404947_00000238,C:\Users\userpc\Desktop\ocr-FINAL\OCR-Evaluation\OCR_GUI\data\d2_0001-0100_without_marginalia\1740404947_00000238.xml,0.01928236589314882
d2_0001-0100_without_marginalia,1740405188_00000001,C:\Users\userpc\Desktop\ocr-FINAL\OCR-Evaluation\OCR_GUI\data\d2_0001-0100_without_marginalia\1740405188_00000001.xml,0.2529737441592277
d2_0001-0100_without_marginalia,1740405188_00000011,C:\Users\userpc\Desktop\ocr-FINAL\OCR-Evaluation\OCR_GUI\data\d2_0001-0100_without_marginalia\1740405188_00000011.xml,0.01676174909151497
d2_0001-0100_without_marginalia,1740405188_00000012,C:\Users\userpc\Desktop\ocr-FINAL\OCR-Evaluation\OCR_GUI\data\d2_0001-0100_without_marginalia\1740405188_00000012.xml,0.01649943474011016
d2_0001-0100_without_marginalia,1740405188_00000025,C:\Users\userpc\Desktop\ocr-FINAL\OCR-Evaluation\OCR_GUI\data\d2_0001-0100_without_marginalia\1740405188_00000025.xml,0.01749277377881565
d2_0001-0100_without_marginalia,1740405188_00000036,C:\Users\userpc\Desktop\ocr-FINAL\OCR-Evaluation\OCR_GUI\data\d2_0001-0100_without_marginalia\1740405188_00000036.xml,0.020225087617252155
d2_0001-0100_without_marginalia,174040579X_00000028,C:\Users\userpc\Desktop\ocr-FINAL\OCR-Evaluation\OCR_GUI\data\d2_0001-0100_without_marginalia\174040579X_00000028.xml,0.07441634274784117
d2_0001-0100_without_marginalia,174040579X_00000043,C:\Users\userpc\Desktop\ocr-FINAL\OCR-Evaluation\OCR_GUI\data\d2_0001-0100_without_marginalia\174040579X_00000043.xml,0.016503471197387053
d2_0001-0100_without_marginalia,174040579X_00000048,C:\Users\userpc\Desktop\ocr-FINAL\OCR-Evaluation\OCR_GUI\data\d2_0001-0100_without_marginalia\174040579X_00000048.xml,0.03390982882567947
d2_0001-0100_without_marginalia,174040579X_00000076,C:\Users\userpc\Desktop\ocr-FINAL\OCR-Evaluation\OCR_GUI\data\d2_0001-0100_without_marginalia\174040579X_00000076.xml,0.03020367736348608
d2_0001-0100_without_marginalia,174040579X_00000119,C:\Users\userpc\Desktop\ocr-FINAL\OCR-Evaluation\OCR_GUI\data\d2_0001-0100_without_marginalia\174040579X_00000119.xml,0.017064642869206514
d2_0001-0100_without_marginalia,1740406060_00000003,C:\Users\userpc\Desktop\ocr-FINAL\OCR-Evaluation\OCR_GUI\data\d2_0001-0100_without_marginalia\1740406060_00000003.xml,0.9924641629840331
d2_0001-0100_without_marginalia,1740406060_00000057,C:\Users\userpc\Desktop\ocr-FINAL\OCR-Evaluation\OCR_GUI\data\d2_0001-0100_without_marginalia\1740406060_00000057.xml,0.016313960816475747
d2_0001-0100_without_marginalia,1740406060_00000083,C:\Users\userpc\Desktop\ocr-FINAL\OCR-Evaluation\OCR_GUI\data\d2_0001-0100_without_marginalia\1740406060_00000083.xml,0.01726234997978423
d2_0001-0100_without_marginalia,1740406060_00000171,C:\Users\userpc\Desktop\ocr-FINAL\OCR-Evaluation\OCR_GUI\data\d2_0001-0100_without_marginalia\1740406060_00000171.xml,0.019867181518734723
d2_0001-0100_without_marginalia,1740406060_00000211,C:\Users\userpc\Desktop\ocr-FINAL\OCR-Evaluation\OCR_GUI\data\d2_0001-0100_without_marginalia\1740406060_00000211.xml,0.019470120543119866
d2_0001-0100_without_marginalia,1740406796_00000021,C:\Users\userpc\Desktop\ocr-FINAL\OCR-Evaluation\OCR_GUI\data\d2_0001-0100_without_marginalia\1740406796_00000021.xml,0.016015103496061094
d2_0001-0100_without_marginalia,1740406796_00000060,C:\Users\userpc\Desktop\ocr-FINAL\OCR-Evaluation\OCR_GUI\data\d2_0001-0100_without_marginalia\1740406796_00000060.xml,0.03009748717919238
d2_0001-0100_without_marginalia,1740406796_00000088,C:\Users\userpc\Desktop\ocr-FINAL\OCR-Evaluation\OCR_GUI\data\d2_0001-0100_without_marginalia\1740406796_00000088.xml,0.016277417847465905
d2_0001-0100_without_marginalia,1740406796_00000095,C:\Users\userpc\Desktop\ocr-FINAL\OCR-Evaluation\OCR_GUI\data\d2_0001-0100_without_marginalia\1740406796_00000095.xml,0.017148966583003987
d2_0001-0100_without_marginalia,1740406796_00000134,C:\Users\userpc\Desktop\ocr-FINAL\OCR-Evaluation\OCR_GUI\data\d2_0001-0100_without_marginalia\1740406796_00000134.xml,0.02057924413330511
d2_0001-0100_without_marginalia,1740826094_00000050,C:\Users\userpc\Desktop\ocr-FINAL\OCR-Evaluation\OCR_GUI\data\d2_0001-0100_without_marginalia\1740826094_00000050.xml,0.017105909394816408
d2_0001-0100_without_marginalia,1740826094_00000202,C:\Users\userpc\Desktop\ocr-FINAL\OCR-Evaluation\OCR_GUI\data\d2_0001-0100_without_marginalia\1740826094_00000202.xml,0.01654473772299694
d2_0001-0100_without_marginalia,1740826094_00000233,C:\Users\userpc\Desktop\ocr-FINAL\OCR-Evaluation\OCR_GUI\data\d2_0001-0100_without_marginalia\1740826094_00000233.xml,0.01680705207440175
d2_0001-0100_without_marginalia,1740826094_00000338,C:\Users\userpc\Desktop\ocr-FINAL\OCR-Evaluation\OCR_GUI\data\d2_0001-0100_without_marginalia\1740826094_00000338.xml,0.020691289997841075
d2_0001-0100_without_marginalia,1740826094_00000405,C:\Users\userpc\Desktop\ocr-FINAL\OCR-Evaluation\OCR_GUI\data\d2_0001-0100_without_marginalia\1740826094_00000405.xml,0.57671322963078
d2_0001-0100_without_marginalia,1740826949_00000039,C:\Users\userpc\Desktop\ocr-FINAL\OCR-Evaluation\OCR_GUI\data\d2_0001-0100_without_marginalia\1740826949_00000039.xml,0.02030693356914879
d2_0001-0100_without_marginalia,1740826949_00000044,C:\Users\userpc\Desktop\ocr-FINAL\OCR-Evaluation\OCR_GUI\data\d2_0001-0100_without_marginalia\1740826949_00000044.xml,0.017105909394816408
d2_0001-0100_without_marginalia,1740826949_00000062,C:\Users\userpc\Desktop\ocr-FINAL\OCR-Evaluation\OCR_GUI\data\d2_0001-0100_without_marginalia\1740826949_00000062.xml,0.9909268471656881
d2_0001-0100_without_marginalia,1740826949_00000070,C:\Users\userpc\Desktop\ocr-FINAL\OCR-Evaluation\OCR_GUI\data\d2_0001-0100_without_marginalia\1740826949_00000070.xml,0.01680705207440175
d2_0001-0100_without_marginalia,1740826949_00000115,C:\Users\userpc\Desktop\ocr-FINAL\OCR-Evaluation\OCR_GUI\data\d2_0001-0100_without_marginalia\1740826949_00000115.xml,0.4190940407750581
d2_0001-0100_without_marginalia,1741190975_00000026,C:\Users\userpc\Desktop\ocr-FINAL\OCR-Evaluation\OCR_GUI\data\d2_0001-0100_without_marginalia\1741190975_00000026.xml,0.9472886968108422
d2_0001-0100_without_marginalia,1741190975_00000043,C:\Users\userpc\Desktop\ocr-FINAL\OCR-Evaluation\OCR_GUI\data\d2_0001-0100_without_marginalia\1741190975_00000043.xml,0.9947454177874991
d2_0001-0100_without_marginalia,1741190975_00000047,C:\Users\userpc\Desktop\ocr-FINAL\OCR-Evaluation\OCR_GUI\data\d2_0001-0100_without_marginalia\1741190975_00000047.xml,0.99234872684478
d2_0001-0100_without_marginalia,1741190975_00000078,C:\Users\userpc\Desktop\ocr-FINAL\OCR-Evaluation\OCR_GUI\data\d2_0001-0100_without_marginalia\1741190975_00000078.xml,0.9978392005961727
d2_0001-0100_without_marginalia,1741190975_00000109,C:\Users\userpc\Desktop\ocr-FINAL\OCR-Evaluation\OCR_GUI\data\d2_0001-0100_without_marginalia\1741190975_00000109.xml,0.9902874164698849
d2_0001-0100_without_marginalia,1741193575_00000008,C:\Users\userpc\Desktop\ocr-FINAL\OCR-Evaluation\OCR_GUI\data\d2_0001-0100_without_marginalia\1741193575_00000008.xml,0.8658655671026788
d2_0001-0100_without_marginalia,1741193575_00000023,C:\Users\userpc\Desktop\ocr-FINAL\OCR-Evaluation\OCR_GUI\data\d2_0001-0100_without_marginalia\1741193575_00000023.xml,0.9913832003453815
d2_0001-0100_without_marginalia,1741193575_00000027,C:\Users\userpc\Desktop\ocr-FINAL\OCR-Evaluation\OCR_GUI\data\d2_0001-0100_without_marginalia\1741193575_00000027.xml,0.3028897313144981
d2_0001-0100_without_marginalia,1741193575_00000028,C:\Users\userpc\Desktop\ocr-FINAL\OCR-Evaluation\OCR_GUI\data\d2_0001-0100_without_marginalia\1741193575_00000028.xml,0.513726277771066
d2_0001-0100_without_marginalia,1741193575_00000033,C:\Users\userpc\Desktop\ocr-FINAL\OCR-Evaluation\OCR_GUI\data\d2_0001-0100_without_marginalia\1741193575_00000033.xml,0.9917490096973017
d2_0001-0100_without_marginalia,1741695821_00000014,C:\Users\userpc\Desktop\ocr-FINAL\OCR-Evaluation\OCR_GUI\data\d2_0001-0100_without_marginalia\1741695821_00000014.xml,0.9914099366254111
d2_0001-0100_without_marginalia,1741695821_00000023,C:\Users\userpc\Desktop\ocr-FINAL\OCR-Evaluation\OCR_GUI\data\d2_0001-0100_without_marginalia\1741695821_00000023.xml,0.9563109020690334
d2_0001-0100_without_marginalia,1741695821_00000027,C:\Users\userpc\Desktop\ocr-FINAL\OCR-Evaluation\OCR_GUI\data\d2_0001-0100_without_marginalia\1741695821_00000027.xml,0.9796710350024695
d2_0001-0100_without_marginalia,1741695821_00000041,C:\Users\userpc\Desktop\ocr-FINAL\OCR-Evaluation\OCR_GUI\data\d2_0001-0100_without_marginalia\1741695821_00000041.xml,0.9885539402998883
d2_0001-0100_without_marginalia,1741695821_00000049,C:\Users\userpc\Desktop\ocr-FINAL\OCR-Evaluation\OCR_GUI\data\d2_0001-0100_without_marginalia\1741695821_00000049.xml,0.9402596978371743
d2_0001-0100_without_marginalia,1741697069_00000046,C:\Users\userpc\Desktop\ocr-FINAL\OCR-Evaluation\OCR_GUI\data\d2_0001-0100_without_marginalia\1741697069_00000046.xml,0.9950175473061249
d2_0001-0100_without_marginalia,1741697069_00000088,C:\Users\userpc\Desktop\ocr-FINAL\OCR-Evaluation\OCR_GUI\data\d2_0001-0100_without_marginalia\1741697069_00000088.xml,0.995404417987477
d2_0001-0100_without_marginalia,1741697069_00000093,C:\Users\userpc\Desktop\ocr-FINAL\OCR-Evaluation\OCR_GUI\data\d2_0001-0100_without_marginalia\1741697069_00000093.xml,0.9922198716571495
d2_0001-0100_without_marginalia,1741697069_00000109,C:\Users\userpc\Desktop\ocr-FINAL\OCR-Evaluation\OCR_GUI\data\d2_0001-0100_without_marginalia\1741697069_00000109.xml,0.9978392005961727
d2_0001-0100_without_marginalia,1741697069_00000131,C:\Users\userpc\Desktop\ocr-FINAL\OCR-Evaluation\OCR_GUI\data\d2_0001-0100_without_marginalia\1741697069_00000131.xml,0.9978392005961727
d2_0001-0100_without_marginalia,174169776X_00000005,C:\Users\userpc\Desktop\ocr-FINAL\OCR-Evaluation\OCR_GUI\data\d2_0001-0100_without_marginalia\174169776X_00000005.xml,0.6863496268107425
d2_0001-0100_without_marginalia,174169776X_00000016,C:\Users\userpc\Desktop\ocr-FINAL\OCR-Evaluation\OCR_GUI\data\d2_0001-0100_without_marginalia\174169776X_00000016.xml,0.9852647952602406
d2_0001-0100_without_marginalia,174169776X_00000037,C:\Users\userpc\Desktop\ocr-FINAL\OCR-Evaluation\OCR_GUI\data\d2_0001-0100_without_marginalia\174169776X_00000037.xml,0.9950761831635578
d2_0001-0100_without_marginalia,174169776X_00000052,C:\Users\userpc\Desktop\ocr-FINAL\OCR-Evaluation\OCR_GUI\data\d2_0001-0100_without_marginalia\174169776X_00000052.xml,0.9915062628026605
d2_0001-0100_without_marginalia,174169776X_00000059,C:\Users\userpc\Desktop\ocr-FINAL\OCR-Evaluation\OCR_GUI\data\d2_0001-0100_without_marginalia\174169776X_00000059.xml,0.9945555074817666
d2_0001-0100_without_marginalia,1741698316_00000016,C:\Users\userpc\Desktop\ocr-FINAL\OCR-Evaluation\OCR_GUI\data\d2_0001-0100_without_marginalia\1741698316_00000016.xml,0.8907175903252929
d2_0001-0100_without_marginalia,1741698316_00000046,C:\Users\userpc\Desktop\ocr-FINAL\OCR-Evaluation\OCR_GUI\data\d2_0001-0100_without_marginalia\1741698316_00000046.xml,0.9705791113141352
d2_0001-0100_without_marginalia,1741698316_00000145,C:\Users\userpc\Desktop\ocr-FINAL\OCR-Evaluation\OCR_GUI\data\d2_0001-0100_without_marginalia\1741698316_00000145.xml,0.995887838951826
d2_0001-0100_without_marginalia,1741698316_00000154,C:\Users\userpc\Desktop\ocr-FINAL\OCR-Evaluation\OCR_GUI\data\d2_0001-0100_without_marginalia\1741698316_00000154.xml,0.996261224152296
d2_0001-0100_without_marginalia,1741698316_00000159,C:\Users\userpc\Desktop\ocr-FINAL\OCR-Evaluation\OCR_GUI\data\d2_0001-0100_without_marginalia\1741698316_00000159.xml,0.9978392005961727
d2_0001-0100_without_marginalia,1741701600_00000024,C:\Users\userpc\Desktop\ocr-FINAL\OCR-Evaluation\OCR_GUI\data\d2_0001-0100_without_marginalia\1741701600_00000024.xml,0.05023804557916792
d2_0001-0100_without_marginalia,1741701600_00000061,C:\Users\userpc\Desktop\ocr-FINAL\OCR-Evaluation\OCR_GUI\data\d2_0001-0100_without_marginalia\1741701600_00000061.xml,0.7572487230110402
d2_0001-0100_without_marginalia,1741701600_00000145,C:\Users\userpc\Desktop\ocr-FINAL\OCR-Evaluation\OCR_GUI\data\d2_0001-0100_without_marginalia\1741701600_00000145.xml,0.9912114267988791
d2_0001-0100_without_marginalia,1741701600_00000170,C:\Users\userpc\Desktop\ocr-FINAL\OCR-Evaluation\OCR_GUI\data\d2_0001-0100_without_marginalia\1741701600_00000170.xml,0.9725502272418385
d2_0001-0100_without_marginalia,1741701600_00000213,C:\Users\userpc\Desktop\ocr-FINAL\OCR-Evaluation\OCR_GUI\data\d2_0001-0100_without_marginalia\1741701600_00000213.xml,0.9346391229846582
d2_0001-0100_without_marginalia,1741702569_00000039,C:\Users\userpc\Desktop\ocr-FINAL\OCR-Evaluation\OCR_GUI\data\d2_0001-0100_without_marginalia\1741702569_00000039.xml,0.9957478560984392
d2_0001-0100_without_marginalia,1741702569_00000047,C:\Users\userpc\Desktop\ocr-FINAL\OCR-Evaluation\OCR_GUI\data\d2_0001-0100_without_marginalia\1741702569_00000047.xml,0.9734025293043784
d2_0001-0100_without_marginalia,1741702569_00000049,C:\Users\userpc\Desktop\ocr-FINAL\OCR-Evaluation\OCR_GUI\data\d2_0001-0100_without_marginalia\1741702569_00000049.xml,0.9926710725773746
d2_0001-0100_without_marginalia,1741702569_00000057,C:\Users\userpc\Desktop\ocr-FINAL\OCR-Evaluation\OCR_GUI\data\d2_0001-0100_without_marginalia\1741702569_00000057.xml,0.9978392005961727
d2_0001-0100_without_marginalia,1741702569_00000070,C:\Users\userpc\Desktop\ocr-FINAL\OCR-Evaluation\OCR_GUI\data\d2_0001-0100_without_marginalia\1741702569_00000070.xml,0.9978392005961727
d2_0001-0100_without_marginalia,1741702941_00000010,C:\Users\userpc\Desktop\ocr-FINAL\OCR-Evaluation\OCR_GUI\data\d2_0001-0100_without_marginalia\1741702941_00000010.xml,0.9971309396048886
d2_0001-0100_without_marginalia,1741702941_00000031,C:\Users\userpc\Desktop\ocr-FINAL\OCR-Evaluation\OCR_GUI\data\d2_0001-0100_without_marginalia\1741702941_00000031.xml,0.9902098895111838
d2_0001-0100_without_marginalia,1741702941_00000032,C:\Users\userpc\Desktop\ocr-FINAL\OCR-Evaluation\OCR_GUI\data\d2_0001-0100_without_marginalia\1741702941_00000032.xml,0.968154354738946
d2_0001-0100_without_marginalia,1741702941_00000033,C:\Users\userpc\Desktop\ocr-FINAL\OCR-Evaluation\OCR_GUI\data\d2_0001-0100_without_marginalia\1741702941_00000033.xml,0.9697005678228267
d2_0001-0100_without_marginalia,1741702941_00000044,C:\Users\userpc\Desktop\ocr-FINAL\OCR-Evaluation\OCR_GUI\data\d2_0001-0100_without_marginalia\1741702941_00000044.xml,0.9919832546123222
d2_0001-0100_without_marginalia,1741704316_00000001,C:\Users\userpc\Desktop\ocr-FINAL\OCR-Evaluation\OCR_GUI\data\d2_0001-0100_without_marginalia\1741704316_00000001.xml,0.7912318760089608
d2_0001-0100_without_marginalia,1741704316_00000002,C:\Users\userpc\Desktop\ocr-FINAL\OCR-Evaluation\OCR_GUI\data\d2_0001-0100_without_marginalia\1741704316_00000002.xml,0.9661111377277827
d2_0001-0100_without_marginalia,1741704316_00000005,C:\Users\userpc\Desktop\ocr-FINAL\OCR-Evaluation\OCR_GUI\data\d2_0001-0100_without_marginalia\1741704316_00000005.xml,0.9956199243287164
d2_0001-0100_without_marginalia,1741704316_00000012,C:\Users\userpc\Desktop\ocr-FINAL\OCR-Evaluation\OCR_GUI\data\d2_0001-0100_without_marginalia\1741704316_00000012.xml,0.9971309396048886
d2_0001-0100_without_marginalia,1741704316_00000021,C:\Users\userpc\Desktop\ocr-FINAL\OCR-Evaluation\OCR_GUI\data\d2_0001-0100_without_marginalia\1741704316_00000021.xml,0.9978392005961727
d2_0001-0100_without_marginalia,174170569X_00000008,C:\Users\userpc\Desktop\ocr-FINAL\OCR-Evaluation\OCR_GUI\data\d2_0001-0100_without_marginalia\174170569X_00000008.xml,0.3426983804402304
d2_0001-0100_without_marginalia,174170569X_00000011,C:\Users\userpc\Desktop\ocr-FINAL\OCR-Evaluation\OCR_GUI\data\d2_0001-0100_without_marginalia\174170569X_00000011.xml,0.030644081337409368
d2_0001-0100_without_marginalia,174170569X_00000012,C:\Users\userpc\Desktop\ocr-FINAL\OCR-Evaluation\OCR_GUI\data\d2_0001-0100_without_marginalia\174170569X_00000012.xml,0.12347238838588258
d2_0001-0100_without_marginalia,174170569X_00000013,C:\Users\userpc\Desktop\ocr-FINAL\OCR-Evaluation\OCR_GUI\data\d2_0001-0100_without_marginalia\174170569X_00000013.xml,0.985741767070303
d2_0001-0100_without_marginalia,174170569X_00000022,C:\Users\userpc\Desktop\ocr-FINAL\OCR-Evaluation\OCR_GUI\data\d2_0001-0100_without_marginalia\174170569X_00000022.xml,0.8658655671026788
d2_0001-0100_without_marginalia,1741705975_00000004,C:\Users\userpc\Desktop\ocr-FINAL\OCR-Evaluation\OCR_GUI\data\d2_0001-0100_without_marginalia\1741705975_00000004.xml,0.033430384351355945
d2_0001-0100_without_marginalia,1741705975_00000014,C:\Users\userpc\Desktop\ocr-FINAL\OCR-Evaluation\OCR_GUI\data\d2_0001-0100_without_marginalia\1741705975_00000014.xml,0.930780509386036
d2_0001-0100_without_marginalia,1741705975_00000015,C:\Users\userpc\Desktop\ocr-FINAL\OCR-Evaluation\OCR_GUI\data\d2_0001-0100_without_marginalia\1741705975_00000015.xml,0.9894459256006993
d2_0001-0100_without_marginalia,1741705975_00000016,C:\Users\userpc\Desktop\ocr-FINAL\OCR-Evaluation\OCR_GUI\data\d2_0001-0100_without_marginalia\1741705975_00000016.xml,0.976575740374333
d2_0001-0100_without_marginalia,1741705975_00000019,C:\Users\userpc\Desktop\ocr-FINAL\OCR-Evaluation\OCR_GUI\data\d2_0001-0100_without_marginalia\1741705975_00000019.xml,0.8881354477813339
d2_0001-0100_without_marginalia,1741728843_00000012,C:\Users\userpc\Desktop\ocr-FINAL\OCR-Evaluation\OCR_GUI\data\d2_0001-0100_without_marginalia\1741728843_00000012.xml,0.9518805921796023
d2_0001-0100_without_marginalia,1741728843_00000030,C:\Users\userpc\Desktop\ocr-FINAL\OCR-Evaluation\OCR_GUI\data\d2_0001-0100_without_marginalia\1741728843_00000030.xml,0.8658655671026788
d2_0001-0100_without_marginalia,1741728843_00000037,C:\Users\userpc\Desktop\ocr-FINAL\OCR-Evaluation\OCR_GUI\data\d2_0001-0100_without_marginalia\1741728843_00000037.xml,0.988487311648282
d2_0001-0100_without_marginalia,1741728843_00000038,C:\Users\userpc\Desktop\ocr-FINAL\OCR-Evaluation\OCR_GUI\data\d2_0001-0100_without_marginalia\1741728843_00000038.xml,0.9978392005961727
d2_0001-0100_without_marginalia,1741728843_00000041,C:\Users\userpc\Desktop\ocr-FINAL\OCR-Evaluation\OCR_GUI\data\d2_0001-0100_without_marginalia\1741728843_00000041.xml,0.9978392005961727
d2_0001-0100_without_marginalia,1741729270_00000015,C:\Users\userpc\Desktop\ocr-FINAL\OCR-Evaluation\OCR_GUI\data\d2_0001-0100_without_marginalia\1741729270_00000015.xml,0.8658655671026788
d2_0001-0100_without_marginalia,1741729270_00000038,C:\Users\userpc\Desktop\ocr-FINAL\OCR-Evaluation\OCR_GUI\data\d2_0001-0100_without_marginalia\1741729270_00000038.xml,0.9748828918380045
d2_0001-0100_without_marginalia,1741729270_00000046,C:\Users\userpc\Desktop\ocr-FINAL\OCR-Evaluation\OCR_GUI\data\d2_0001-0100_without_marginalia\1741729270_00000046.xml,0.9902491108112307
d2_0001-0100_without_marginalia,1741729270_00000058,C:\Users\userpc\Desktop\ocr-FINAL\OCR-Evaluation\OCR_GUI\data\d2_0001-0100_without_marginalia\1741729270_00000058.xml,0.9622060911055893
d2_0001-0100_without_marginalia,1741729270_00000144,C:\Users\userpc\Desktop\ocr-FINAL\OCR-Evaluation\OCR_GUI\data\d2_0001-0100_without_marginalia\1741729270_00000144.xml,0.9901369549287125
d2_0001-0100_without_marginalia,1741730155_00000005,C:\Users\userpc\Desktop\ocr-FINAL\OCR-Evaluation\OCR_GUI\data\d2_0001-0100_without_marginalia\1741730155_00000005.xml,0.9972109441618556
d2_0001-0100_without_marginalia,1741730155_00000007,C:\Users\userpc\Desktop\ocr-FINAL\OCR-Evaluation\OCR_GUI\data\d2_0001-0100_without_marginalia\1741730155_00000007.xml,0.9955668043977901
d2_0001-0100_without_marginalia,1741730155_00000025,C:\Users\userpc\Desktop\ocr-FINAL\OCR-Evaluation\OCR_GUI\data\d2_0001-0100_without_marginalia\1741730155_00000025.xml,0.03416485660431526
d2_0001-0100_without_marginalia,1741730155_00000051,C:\Users\userpc\Desktop\ocr-FINAL\OCR-Evaluation\OCR_GUI\data\d2_0001-0100_without_marginalia\1741730155_00000051.xml,0.9304258315154259
d2_0001-0100_without_marginalia,1741730155_00000059,C:\Users\userpc\Desktop\ocr-FINAL\OCR-Evaluation\OCR_GUI\data\d2_0001-0100_without_marginalia\1741730155_00000059.xml,0.9826679202535139
d2_0001-0100_without_marginalia,174429397X_00000011,C:\Users\userpc\Desktop\ocr-FINAL\OCR-Evaluation\OCR_GUI\data\d2_0001-0100_without_marginalia\174429397X_00000011.xml,0.01680705207440175
d2_0001-0100_without_marginalia,174429397X_00000104,C:\Users\userpc\Desktop\ocr-FINAL\OCR-Evaluation\OCR_GUI\data\d2_0001-0100_without_marginalia\174429397X_00000104.xml,0.03479769988311646
d2_0001-0100_without_marginalia,174429397X_00000207,C:\Users\userpc\Desktop\ocr-FINAL\OCR-Evaluation\OCR_GUI\data\d2_0001-0100_without_marginalia\174429397X_00000207.xml,0.019319160465713126
d2_0001-0100_without_marginalia,174429397X_00000240,C:\Users\userpc\Desktop\ocr-FINAL\OCR-Evaluation\OCR_GUI\data\d2_0001-0100_without_marginalia\174429397X_00000240.xml,0.01996990385218655
d2_0001-0100_without_marginalia,174429397X_00000313,C:\Users\userpc\Desktop\ocr-FINAL\OCR-Evaluation\OCR_GUI\data\d2_0001-0100_without_marginalia\174429397X_00000313.xml,0.9498570969661055
d2_0001-0100_without_marginalia,1744303657_00000062,C:\Users\userpc\Desktop\ocr-FINAL\OCR-Evaluation\OCR_GUI\data\d2_0001-0100_without_marginalia\1744303657_00000062.xml,0.016015103496061094
d2_0001-0100_without_marginalia,1744303657_00000239,C:\Users\userpc\Desktop\ocr-FINAL\OCR-Evaluation\OCR_GUI\data\d2_0001-0100_without_marginalia\1744303657_00000239.xml,0.017064642869206514
d2_0001-0100_without_marginalia,1744303657_00000295,C:\Users\userpc\Desktop\ocr-FINAL\OCR-Evaluation\OCR_GUI\data\d2_0001-0100_without_marginalia\1744303657_00000295.xml,0.6784370110575308
d2_0001-0100_without_marginalia,1744303657_00000355,C:\Users\userpc\Desktop\ocr-FINAL\OCR-Evaluation\OCR_GUI\data\d2_0001-0100_without_marginalia\1744303657_00000355.xml,0.06316220160117027
d2_0001-0100_without_marginalia,1744303657_00000369,C:\Users\userpc\Desktop\ocr-FINAL\OCR-Evaluation\OCR_GUI\data\d2_0001-0100_without_marginalia\1744303657_00000369.xml,0.7360142631123474
d2_0001-0100_without_marginalia,1744303878_00000010,C:\Users\userpc\Desktop\ocr-FINAL\OCR-Evaluation\OCR_GUI\data\d2_0001-0100_without_marginalia\1744303878_00000010.xml,0.9915062628026605
d2_0001-0100_without_marginalia,1744303878_00000034,C:\Users\userpc\Desktop\ocr-FINAL\OCR-Evaluation\OCR_GUI\data\d2_0001-0100_without_marginalia\1744303878_00000034.xml,0.016576275167880558
d2_0001-0100_without_marginalia,1744303878_00000068,C:\Users\userpc\Desktop\ocr-FINAL\OCR-Evaluation\OCR_GUI\data\d2_0001-0100_without_marginalia\1744303878_00000068.xml,0.01658031162515745
d2_0001-0100_without_marginalia,1744303878_00000087,C:\Users\userpc\Desktop\ocr-FINAL\OCR-Evaluation\OCR_GUI\data\d2_0001-0100_without_marginalia\1744303878_00000087.xml,0.017185509552013825
d2_0001-0100_without_marginalia,1744303878_00000108,C:\Users\userpc\Desktop\ocr-FINAL\OCR-Evaluation\OCR_GUI\data\d2_0001-0100_without_marginalia\1744303878_00000108.xml,0.02322089328897052
